seed,reference,candidate,cell,reference_micro_loss,candidate_micro_loss,paired_mean_match_improvement,ci_low,ci_high,test_matches,decisions_or_targets
31,v1,v2,overall,0.3417857368382716,0.3363858218973206,0.00540148550422562,0.005300819226123005,0.005502008402195687,2757,590851
32,v1,v2,overall,0.3423470608010512,0.33654622883015883,0.005811330687791136,0.005714177684545822,0.00591283085254689,2757,590851
33,v1,v2,overall,0.34218171489468735,0.3371117665787143,0.005066618633317618,0.004968777232033886,0.005167543508360708,2757,590851
pooled_fixed_seeds,v1,v2,overall,0.3421048375113367,0.33668127243539786,0.005426478275111457,0.005356162255049042,0.005498113757125264,2757,590851
31,v1,v2,round_bin:0,0.33882259427544253,0.3344568183835361,0.0043648579714441905,0.004167202838693761,0.004558942117935808,2757,110198
32,v1,v2,round_bin:0,0.3393697843149122,0.33494739133716905,0.004423816320278114,0.004238160837056083,0.004613608245924244,2757,110198
33,v1,v2,round_bin:0,0.3392095711606295,0.3353748553347946,0.003836208050620852,0.0036525414214575733,0.004027185368713819,2757,110198
pooled_fixed_seeds,v1,v2,round_bin:0,0.3391339832503281,0.33492635501849993,0.004208294114114385,0.00408156625369734,0.004337144551654661,2757,110198
31,v1,v2,round_bin:1,0.3417325095907,0.336009173100022,0.005721535316250531,0.00548284639248345,0.00596622378302097,2748,109848
32,v1,v2,round_bin:1,0.3422118216966436,0.33614291035657706,0.006068231353028648,0.005849042050201787,0.006290640518618122,2748,109848
33,v1,v2,round_bin:1,0.34211027547868994,0.3367773431262957,0.005334212007794649,0.005107282210919885,0.005559405647468883,2748,109848
pooled_fixed_seeds,v1,v2,round_bin:1,0.34201820225534457,0.3363098088609649,0.005707992892357942,0.0055436884768338196,0.005873916427650623,2748,109848
31,v1,v2,round_bin:2-3,0.3434574533056999,0.3378479143940723,0.0056108121695404,0.005437672865872281,0.005780412010963873,2746,219343
32,v1,v2,round_bin:2-3,0.3440119853817771,0.3378919527912389,0.0061172683628998815,0.005949136240637591,0.006281880595351231,2746,219343
33,v1,v2,round_bin:2-3,0.34376152992793135,0.33854399077905967,0.005214972500128952,0.005048861433316715,0.005372946738946757,2746,219343
pooled_fixed_seeds,v1,v2,round_bin:2-3,0.3437436562051361,0.33809461932145696,0.005647684344189744,0.005524886686616863,0.0057578563956125735,2746,219343
31,v1,v2,round_bin:4-5,0.34162397590062504,0.3359648517577082,0.005673428825421464,0.005448846237519815,0.005900829781079854,2729,143547
32,v1,v2,round_bin:4-5,0.3422643461473818,0.33606833887357496,0.006252990326338674,0.006020760348582659,0.006460643935299257,2729,143547
33,v1,v2,round_bin:4-5,0.34213752262304536,0.33655701173532393,0.005583025111065962,0.00536455192775828,0.005803232198160832,2729,143547
pooled_fixed_seeds,v1,v2,round_bin:4-5,0.3420086148903507,0.3361967341222023,0.005836481420942034,0.005677531988414788,0.005991786227526715,2729,143547
31,v1,v2,round_bin:6+,0.3403858805510547,0.3355867806092903,0.005093219458952074,0.004114882292167216,0.006074595608478943,150,7915
32,v1,v2,round_bin:6+,0.3410368179960663,0.3357776682688765,0.005346419176808588,0.0043991924148537405,0.006309093511082769,150,7915
33,v1,v2,round_bin:6+,0.34157452276308314,0.336306313250856,0.0054060808770551765,0.0044536278271433,0.006293450052971438,150,7915
pooled_fixed_seeds,v1,v2,round_bin:6+,0.34099907377006805,0.3358902540430076,0.0052819065042719465,0.0045842427366715975,0.005996505732942699,150,7915
31,v1,v2,stage:early,0.6329182058859906,0.6263403514935112,0.006536611754043456,0.006396253940636306,0.006685283511405374,2757,148733
32,v1,v2,stage:early,0.6337481410253657,0.6260519554128222,0.007676762032308693,0.0075404371144092795,0.00782107040969197,2757,148733
33,v1,v2,stage:early,0.6338942239300033,0.6269197633748662,0.006965255986599499,0.006823927344509674,0.007108329233762864,2757,148733
pooled_fixed_seeds,v1,v2,stage:early,0.6335201902804531,0.6264373567603999,0.007059543257650549,0.0069626132219806,0.00716061650383191,2757,148733
31,v1,v2,stage:early|target_relation:opponent,0.640102953097899,0.6332605331816274,0.006794478579648356,0.006617003189972663,0.0069699551107348925,2757,297466
32,v1,v2,stage:early|target_relation:opponent,0.6411862154428194,0.6329152003455197,0.00823828606010815,0.00807320797831099,0.00841501149364095,2757,297466
33,v1,v2,stage:early|target_relation:opponent,0.6410078908383575,0.6338222818234175,0.0071646666772520705,0.0070023161680541615,0.0073307931118365205,2757,297466
pooled_fixed_seeds,v1,v2,stage:early|target_relation:opponent,0.6407656864596919,0.6333326717835215,0.007399143772336192,0.007278653704504884,0.007522425517380467,2757,297466
31,v1,v2,stage:early|target_relation:teammate,0.6185487117860841,0.6124999885219017,0.0060208779239790435,0.005798007623512962,0.006251795900771302,2757,148733
32,v1,v2,stage:early|target_relation:teammate,0.6188719925555122,0.6123254661131179,0.0065537137663184055,0.006314888512854264,0.006793963815576046,2757,148733
33,v1,v2,stage:early|target_relation:teammate,0.6196668900310149,0.6131147265252768,0.006566434516940525,0.006336154459178556,0.0067951214903711095,2757,148733
pooled_fixed_seeds,v1,v2,stage:early|target_relation:teammate,0.6190291981242038,0.612646727053432,0.006380342069079324,0.006227592443917154,0.006527801221033548,2757,148733
31,v1,v2,stage:early|target_seat:lho,0.649539837947524,0.641891685901211,0.007595895257563029,0.007364628694379614,0.007818220945020533,2757,148733
32,v1,v2,stage:early|target_seat:lho,0.6501429458982876,0.6418125329340721,0.008310383381725357,0.008091848714363048,0.008523084206650737,2757,148733
33,v1,v2,stage:early|target_seat:lho,0.6500519508905086,0.6422477475900314,0.007791747512245816,0.007580753755591009,0.008012354412957418,2757,148733
pooled_fixed_seeds,v1,v2,stage:early|target_seat:lho,0.64991157824544,0.6419839888084382,0.0078993420505114,0.007754136562323297,0.008049283086601928,2757,148733
31,v1,v2,stage:early|target_seat:partner,0.6185487117860841,0.6124999885219017,0.0060208779239790435,0.005798007623512962,0.006251795900771302,2757,148733
32,v1,v2,stage:early|target_seat:partner,0.6188719925555122,0.6123254661131179,0.0065537137663184055,0.006314888512854264,0.006793963815576046,2757,148733
33,v1,v2,stage:early|target_seat:partner,0.6196668900310149,0.6131147265252768,0.006566434516940525,0.006336154459178556,0.0067951214903711095,2757,148733
pooled_fixed_seeds,v1,v2,stage:early|target_seat:partner,0.6190291981242038,0.612646727053432,0.006380342069079324,0.006227592443917154,0.006527801221033548,2757,148733
31,v1,v2,stage:early|target_seat:rho,0.6306660682482739,0.624629380462044,0.005993061901733681,0.005789675833039362,0.006203018902698212,2757,148733
32,v1,v2,stage:early|target_seat:rho,0.6322294849873512,0.6240178677569672,0.008166188738490942,0.007945996047084793,0.008377613012196977,2757,148733
33,v1,v2,stage:early|target_seat:rho,0.6319638307862065,0.6253968160568036,0.006537585842258325,0.006331324006868423,0.006747156829215791,2757,148733
pooled_fixed_seeds,v1,v2,stage:early|target_seat:rho,0.6316197946739439,0.624681354758605,0.006898945494160982,0.006757404443434264,0.007039427805304433,2757,148733
31,v1,v2,stage:late,0.1229110418789541,0.12014438751636092,0.002790982916068966,0.0026648343059437864,0.002920576801094033,2757,201522
32,v1,v2,stage:late,0.12302012014724548,0.1204101710075017,0.0026565799712643997,0.0025304651703422732,0.0027869568264883193,2757,201522
33,v1,v2,stage:late,0.1228654004241942,0.12084467592004362,0.002032727911791726,0.0019161354956313342,0.0021537115971261194,2757,201522
pooled_fixed_seeds,v1,v2,stage:late,0.12293218748346459,0.12046641148130209,0.0024934302663750306,0.0024110949507763807,0.0025793624112152775,2757,201522
31,v1,v2,stage:late|target_relation:opponent,0.14407558432045947,0.140470313763062,0.0036442529861778028,0.0034712148735814583,0.003821414736963226,2757,403044
32,v1,v2,stage:late|target_relation:opponent,0.14403525477080326,0.1407916304940625,0.003302257658632007,0.0031239539938156483,0.003485469010184934,2757,403044
33,v1,v2,stage:late|target_relation:opponent,0.1438851953828675,0.1412386034617147,0.002674945036595165,0.002515150655534745,0.0028398841807277487,2757,403044
pooled_fixed_seeds,v1,v2,stage:late|target_relation:opponent,0.14399867815804343,0.1408335159062797,0.0032071518938016582,0.0030914981757610323,0.0033274173034554435,2757,403044
31,v1,v2,stage:late|target_relation:teammate,0.08058195702166494,0.0794925351184231,0.0010844427031872713,0.0009516953852392969,0.0012065216646330761,2757,201522
32,v1,v2,stage:late|target_relation:teammate,0.08098985101343723,0.0796472521307775,0.0013652246265369627,0.0012390396653498732,0.0014795841692286401,2757,201522
33,v1,v2,stage:late|target_relation:teammate,0.08082581057606261,0.08005682090426224,0.0007482936714615932,0.0006243421748289838,0.0008653283870095739,2757,201522
pooled_fixed_seeds,v1,v2,stage:late|target_relation:teammate,0.0807992062037216,0.07973220271782094,0.0010659870003952756,0.0009847335078162192,0.0011408308411687519,2757,201522
31,v1,v2,stage:late|target_seat:lho,0.14485218455778032,0.140620164013135,0.004271392788303596,0.0040639267584086335,0.0044897434746192354,2757,201522
32,v1,v2,stage:late|target_seat:lho,0.14415977030921015,0.14097152031617388,0.0032415701153780205,0.003037541970187117,0.003446473528064484,2757,201522
33,v1,v2,stage:late|target_seat:lho,0.14377503955024645,0.14160749287060143,0.0021919046733638358,0.001980335394844984,0.002399919606512225,2757,201522
pooled_fixed_seeds,v1,v2,stage:late|target_seat:lho,0.14426233147241233,0.14106639239997013,0.003234955859015151,0.0030958344392309715,0.003374545150886086,2757,201522
31,v1,v2,stage:late|target_seat:partner,0.08058195702166494,0.0794925351184231,0.0010844427031872713,0.0009516953852392969,0.0012065216646330761,2757,201522
32,v1,v2,stage:late|target_seat:partner,0.08098985101343723,0.0796472521307775,0.0013652246265369627,0.0012390396653498732,0.0014795841692286401,2757,201522
33,v1,v2,stage:late|target_seat:partner,0.08082581057606261,0.08005682090426224,0.0007482936714615932,0.0006243421748289838,0.0008653283870095739,2757,201522
pooled_fixed_seeds,v1,v2,stage:late|target_seat:partner,0.0807992062037216,0.07973220271782094,0.0010659870003952756,0.0009847335078162192,0.0011408308411687519,2757,201522
31,v1,v2,stage:late|target_seat:rho,0.1432989840831386,0.140320463512989,0.0030171131840520085,0.0027977384487494015,0.003229780908391718,2757,201522
32,v1,v2,stage:late|target_seat:rho,0.14391073923239633,0.14061174067195112,0.0033629452018859936,0.003147019739528796,0.0035766561836867404,2757,201522
33,v1,v2,stage:late|target_seat:rho,0.14399535121548857,0.14086971405282803,0.003157985399826494,0.002950999044540178,0.0033704254769226943,2757,201522
pooled_fixed_seeds,v1,v2,stage:late|target_seat:rho,0.1437350248436745,0.14060063941258938,0.003179347928588165,0.003035241983539618,0.00332357696372543,2757,201522
31,v1,v2,stage:middle,0.3451401592441834,0.3382628239450735,0.0068719897703534765,0.006732273186251421,0.007007812685523197,2757,240596
32,v1,v2,stage:middle,0.34591423045553926,0.33861241154032284,0.00728728002548479,0.0071513498965286955,0.007422207859040592,2757,240596
33,v1,v2,stage:middle,0.3455474637903328,0.339100842705325,0.006434600839743923,0.006293063504170609,0.0065850837869726505,2757,240596
pooled_fixed_seeds,v1,v2,stage:middle,0.3455339511633518,0.33865869273024046,0.006864623545194063,0.006768699212848356,0.006965604700504279,2757,240596
31,v1,v2,stage:middle|target_relation:opponent,0.3621196972112415,0.35448393774723247,0.007619577664951802,0.007449710561392183,0.0077912980920797435,2757,481192
32,v1,v2,stage:middle|target_relation:opponent,0.36291405137046623,0.3548541448371636,0.008037502174435704,0.00786902856942329,0.008201284197842334,2757,481192
33,v1,v2,stage:middle|target_relation:opponent,0.362317724132904,0.3552207319599389,0.0070895165564893335,0.006922408591039379,0.007263576384590159,2757,481192
pooled_fixed_seeds,v1,v2,stage:middle|target_relation:opponent,0.36245049090487064,0.354852938181445,0.007582198798625614,0.0074615862448617325,0.007704104710982451,2757,481192
31,v1,v2,stage:middle|target_relation:teammate,0.3111810837106573,0.3058205967280689,0.0053768139774366935,0.0051771798263284905,0.005581584251815995,2757,240596
32,v1,v2,stage:middle|target_relation:teammate,0.31191458892314505,0.3061289450567468,0.0057868359239528246,0.005586389911686129,0.005984482021933024,2757,240596
33,v1,v2,stage:middle|target_relation:teammate,0.31200694336057666,0.3068610644639714,0.005124769385412687,0.004914773217907816,0.005332634726855689,2757,240596
pooled_fixed_seeds,v1,v2,stage:middle|target_relation:teammate,0.31170087199812635,0.30627020208292904,0.005429473095600736,0.0052967022182581905,0.005569994729960473,2757,240596
31,v1,v2,stage:middle|target_seat:lho,0.3668673464632109,0.35828115986146647,0.008563640541461233,0.008348648804284224,0.008798996305152686,2757,240596
32,v1,v2,stage:middle|target_seat:lho,0.36729644467765454,0.35885852717900696,0.008419137619840871,0.008200874351754173,0.00862739839285349,2757,240596
33,v1,v2,stage:middle|target_seat:lho,0.36602394524786186,0.3591189029902066,0.006913495986137964,0.006696376509770801,0.007126005156211532,2757,240596
pooled_fixed_seeds,v1,v2,stage:middle|target_seat:lho,0.36672924546290914,0.35875286334356,0.007965424715813357,0.00782217416085774,0.008115095596454574,2757,240596
31,v1,v2,stage:middle|target_seat:partner,0.3111810837106573,0.3058205967280689,0.0053768139774366935,0.0051771798263284905,0.005581584251815995,2757,240596
32,v1,v2,stage:middle|target_seat:partner,0.31191458892314505,0.3061289450567468,0.0057868359239528246,0.005586389911686129,0.005984482021933024,2757,240596
33,v1,v2,stage:middle|target_seat:partner,0.31200694336057666,0.3068610644639714,0.005124769385412687,0.004914773217907816,0.005332634726855689,2757,240596
pooled_fixed_seeds,v1,v2,stage:middle|target_seat:partner,0.31170087199812635,0.30627020208292904,0.005429473095600736,0.0052967022182581905,0.005569994729960473,2757,240596
31,v1,v2,stage:middle|target_seat:rho,0.357372047959272,0.3506867156329984,0.006675514788442374,0.006462992282000879,0.0068812430108832635,2757,240596
32,v1,v2,stage:middle|target_seat:rho,0.3585316580632779,0.3508497624953202,0.00765586672903054,0.007432558742264299,0.007875486592861478,2757,240596
33,v1,v2,stage:middle|target_seat:rho,0.35861150301794603,0.3513225609296713,0.0072655371268407,0.007045560679134006,0.0074897276740413425,2757,240596
pooled_fixed_seeds,v1,v2,stage:middle|target_seat:rho,0.35817173634683197,0.35095301301932996,0.007198972881437871,0.007055674837546661,0.007341716507300943,2757,240596
31,v1,v2,style_region:heldout,0.34178573659194145,0.33638582172095066,0.00540148550422562,0.005300887900835187,0.005506430446167893,2757,590851
32,v1,v2,style_region:heldout,0.3423470605992371,0.33654622863149014,0.005811330687791136,0.005714139896462036,0.0059111509048701836,2757,590851
33,v1,v2,style_region:heldout,0.3421817148996355,0.3371117664154302,0.005066618633317618,0.00496813740234238,0.0051709112050586144,2757,590851
pooled_fixed_seeds,v1,v2,style_region:heldout,0.3421048373636047,0.33668127225595695,0.005426478275111457,0.005356639348472852,0.0054991976721617975,2757,590851
31,v1,v2,target_driver:bot,0.37097390597503915,0.36395446271654563,0.007028014410705438,0.006869170279218158,0.007189739175523034,2757,914696
32,v1,v2,target_driver:bot,0.3712438774793812,0.3639685828701435,0.00729192834771135,0.007135852487226356,0.007444681972458263,2757,914696
33,v1,v2,target_driver:bot,0.37077073240484953,0.36480243235526527,0.005963983814197347,0.005810436421500581,0.006127648442272326,2757,914696
pooled_fixed_seeds,v1,v2,target_driver:bot,0.3709961719530899,0.36424182598065147,0.006761308857538045,0.0066483783340315445,0.0068773515232259256,2757,914696
31,v1,v2,target_driver:policy,0.31066364790781104,0.306990566484353,0.003657888842361603,0.0035443959469275803,0.0037766068876905327,2757,857857
32,v1,v2,target_driver:policy,0.31153562854901995,0.30730695261855867,0.0042241935140253685,0.004100581509462926,0.004341507222795699,2757,857857
33,v1,v2,target_driver:policy,0.31169847597660555,0.30758640113033947,0.0041052887682215,0.003988712721840451,0.0042169147625558895,2757,857857
pooled_fixed_seeds,v1,v2,target_driver:policy,0.31129925081114546,0.30729464007775037,0.0039957903748694895,0.003912681248569413,0.004075103247497766,2757,857857
31,v1,v2,target_relation:opponent,0.35772704640725544,0.35166567364377127,0.006066287485168496,0.005937437979660259,0.006198889173455641,2757,1181702
32,v1,v2,target_relation:opponent,0.3583094402766643,0.35183908512409534,0.006482385008053062,0.006358559588121189,0.006608752798640133,2757,1181702
33,v1,v2,target_relation:opponent,0.3579705443969593,0.3523691463937397,0.0056022181919569225,0.00548366057777358,0.005733489275165419,2757,1181702
pooled_fixed_seeds,v1,v2,target_relation:opponent,0.3580023436936264,0.3519579683872021,0.006050296895059494,0.005961630808334629,0.006144001206508152,2757,1181702
31,v1,v2,target_relation:teammate,0.30990311721474434,0.3058261181674387,0.004071881497840999,0.003939707625460953,0.0042082823794491525,2757,590851
32,v1,v2,target_relation:teammate,0.3104223014960487,0.30596051586639267,0.004469222084547281,0.0043404270516443225,0.004597062917374714,2757,590851
33,v1,v2,target_relation:teammate,0.310604056011877,0.3065970066028938,0.003995419497795446,0.003858173958046041,0.00412884399643976,2757,590851
pooled_fixed_seeds,v1,v2,target_relation:teammate,0.3103098249075567,0.30612788021224174,0.004178841026727909,0.004094197693657615,0.004268126832095966,2757,590851
31,v1,v2,target_seat:lho,0.3623006929726188,0.3554357134868676,0.006854804906157118,0.006693228459346542,0.0070220363710790275,2757,590851
32,v1,v2,target_seat:lho,0.3623910789830391,0.3557707313403882,0.006635739177289837,0.006483840543713057,0.006795188791142755,2757,590851
33,v1,v2,target_seat:lho,0.36171878775342237,0.35620322383208153,0.005522419976082954,0.005358074900832581,0.005675522873907059,2757,590851
pooled_fixed_seeds,v1,v2,target_seat:lho,0.3621368532363601,0.3558032228864458,0.00633765468650997,0.006233614037816714,0.006444883505079376,2757,590851
31,v1,v2,target_seat:partner,0.30990311721474434,0.3058261181674387,0.004071881497840999,0.003939707625460953,0.0042082823794491525,2757,590851
32,v1,v2,target_seat:partner,0.3104223014960487,0.30596051586639267,0.004469222084547281,0.0043404270516443225,0.004597062917374714,2757,590851
33,v1,v2,target_seat:partner,0.310604056011877,0.3065970066028938,0.003995419497795446,0.003858173958046041,0.00412884399643976,2757,590851
pooled_fixed_seeds,v1,v2,target_seat:partner,0.3103098249075567,0.30612788021224174,0.004178841026727909,0.004094197693657615,0.004268126832095966,2757,590851
31,v1,v2,target_seat:rho,0.3531533998418921,0.347895633800675,0.0052777700641798726,0.005120114604446264,0.005426967516013869,2757,590851
32,v1,v2,target_seat:rho,0.35422780157028944,0.34790743890780246,0.006329030838816285,0.006174494730311769,0.006482774702222775,2757,590851
33,v1,v2,target_seat:rho,0.3542223010404963,0.3485350689553978,0.005682016407830892,0.0055300738522309125,0.005839054269556229,2757,590851
pooled_fixed_seeds,v1,v2,target_seat:rho,0.35386783415089257,0.34811271388795845,0.005762939103609017,0.005653418940811817,0.005876576592965162,2757,590851
31,no_history,v2,overall,0.3366348853456509,0.3363858218973206,0.00025378052897992296,0.00021673268319801262,0.0002901106386819248,2757,590851
32,no_history,v2,overall,0.33635340425642435,0.33654622883015883,-0.00019411400808741385,-0.0002279501927007467,-0.00015980937344840614,2757,590851
33,no_history,v2,overall,0.3368167054287472,0.3371117665787143,-0.0003012523700612372,-0.00033287240474688185,-0.00027041649238215143,2757,590851
pooled_fixed_seeds,no_history,v2,overall,0.33660166501027416,0.33668127243539786,-8.052861638957604e-05,-9.987405342230357e-05,-6.094982104734833e-05,2757,590851
31,no_history,v2,round_bin:0,0.3347210944262776,0.3344568183835361,0.0002641151049580234,0.00019872107250222187,0.0003293760230122257,2757,110198
32,no_history,v2,round_bin:0,0.33471073810449614,0.33494739133716905,-0.0002368833731679418,-0.0003010480842148429,-0.00017177040549032162,2757,110198
33,no_history,v2,round_bin:0,0.3349201662216988,0.3353748553347946,-0.0004540770351492199,-0.0005126210292321032,-0.0003946155315480456,2757,110198
pooled_fixed_seeds,no_history,v2,round_bin:0,0.3347839995841575,0.33492635501849993,-0.0001422817677863794,-0.00017572900288085624,-0.00010564830859705662,2757,110198
31,no_history,v2,round_bin:1,0.33628229858182107,0.336009173100022,0.00027292315795282124,0.00019071721305486541,0.0003567087220319916,2748,109848
32,no_history,v2,round_bin:1,0.33599293869279695,0.33614291035657706,-0.00015033608617922862,-0.00023231928973332886,-7.203123480778082e-05,2748,109848
33,no_history,v2,round_bin:1,0.33651566249077935,0.3367773431262957,-0.00026196957106793895,-0.00033358938101604697,-0.00019266399357480618,2748,109848
pooled_fixed_seeds,no_history,v2,round_bin:1,0.3362636332551325,0.3363098088609649,-4.646083309811544e-05,-9.066289404152668e-05,-3.5277405049271865e-06,2748,109848
31,no_history,v2,round_bin:2-3,0.33807500059955436,0.3378479143940723,0.00022789646811456596,0.00016297816122758528,0.0002896528759736603,2746,219343
32,no_history,v2,round_bin:2-3,0.33769667723964536,0.3378919527912389,-0.00019539525396305085,-0.00025353656486204576,-0.00013975502240778286,2746,219343
33,no_history,v2,round_bin:2-3,0.33830469969736626,0.33854399077905967,-0.00023983157727431434,-0.00029430665603922716,-0.00018549651859063758,2746,219343
pooled_fixed_seeds,no_history,v2,round_bin:2-3,0.33802545917885535,0.33809461932145696,-6.911012104093306e-05,-0.00010275510962683083,-3.640187507211121e-05,2746,219343
31,no_history,v2,round_bin:4-5,0.33623003841109544,0.3359648517577082,0.0002828359694538536,0.00020011183390701608,0.00036377376597113945,2729,143547
32,no_history,v2,round_bin:4-5,0.33589117765491333,0.33606833887357496,-0.00015774883745847654,-0.00023495788709862375,-8.074467735017863e-05,2729,143547
33,no_history,v2,round_bin:4-5,0.33626808898901284,0.33655701173532393,-0.0003011352549505987,-0.0003679271591763029,-0.0002256586580801452,2729,143547
pooled_fixed_seeds,no_history,v2,round_bin:4-5,0.3361297683516739,0.3361967341222023,-5.868270765174052e-05,-0.00010085896959345528,-1.5188254080414825e-05,2729,143547
31,no_history,v2,round_bin:6+,0.3356067160276638,0.3355867806092903,2.332606074317789e-05,-0.0003523976782207994,0.0004047238245618148,150,7915
32,no_history,v2,round_bin:6+,0.33538418607249815,0.3357776682688765,-0.0004013607423310313,-0.000696435109035399,-0.00013203847795880877,150,7915
33,no_history,v2,round_bin:6+,0.33611357991054114,0.336306313250856,-0.00027913765455377603,-0.00056227862669488,9.82507995658263e-06,150,7915
pooled_fixed_seeds,no_history,v2,round_bin:6+,0.33570149400356764,0.3358902540430076,-0.00021905744538054317,-0.0003985100244891621,-4.226401189130161e-05,150,7915
31,no_history,v2,stage:early,0.6264265418657003,0.6263403514935112,8.280237431969882e-05,3.654533517260401e-05,0.00012624135389638334,2757,148733
32,no_history,v2,stage:early,0.6260472408622711,0.6260519554128222,3.699455738663425e-06,-3.698979795621982e-05,4.7021865322974844e-05,2757,148733
33,no_history,v2,stage:early,0.6264676982573668,0.6269197633748662,-0.0004615630467437997,-0.000505223450260092,-0.0004194253547144701,2757,148733
pooled_fixed_seeds,no_history,v2,stage:early,0.6263138269951128,0.6264373567603999,-0.00012502040556181245,-0.00014967084119523128,-9.962541204245385e-05,2757,148733
31,no_history,v2,stage:early|target_relation:opponent,0.6332367551708835,0.6332605331816274,-2.7224162636140055e-05,-8.358824709490346e-05,2.8159912787095975e-05,2757,297466
32,no_history,v2,stage:early|target_relation:opponent,0.6327767290401597,0.6329152003455197,-0.00013496380452229147,-0.00018640081236631482,-8.210876795185446e-05,2757,297466
33,no_history,v2,stage:early|target_relation:opponent,0.6334188883084267,0.6338222818234175,-0.00040570616132847064,-0.0004564508551174635,-0.00035643014438318843,2757,297466
pooled_fixed_seeds,no_history,v2,stage:early|target_relation:opponent,0.6331441241731567,0.6333326717835215,-0.00018929804282896739,-0.00022015486760855325,-0.00015834330189987337,2757,297466
31,no_history,v2,stage:early|target_relation:teammate,0.6128061156075449,0.6124999885219017,0.0003028553408184534,0.0002274608329253516,0.00037900663074522833,2757,148733
32,no_history,v2,stage:early|target_relation:teammate,0.6125882650691215,0.6123254661131179,0.0002810259063566447,0.00020671592952042474,0.0003551538804641397,2757,148733
33,no_history,v2,stage:early|target_relation:teammate,0.6125653184747354,0.6131147265252768,-0.0005732764604192616,-0.0006468636856432811,-0.0005001193177151886,2757,148733
pooled_fixed_seeds,no_history,v2,stage:early|target_relation:teammate,0.6126532330504673,0.612646727053432,3.534928918612172e-06,-3.712869501175127e-05,4.4397330002383705e-05,2757,148733
31,no_history,v2,stage:early|target_seat:lho,0.6419787091013943,0.641891685901211,8.379765913806457e-05,4.852257424927015e-06,0.00015847849686012751,2757,148733
32,no_history,v2,stage:early|target_seat:lho,0.6417727597716125,0.6418125329340721,-3.877833955904713e-05,-0.00011228668613499655,3.9515628387859797e-05,2757,148733
33,no_history,v2,stage:early|target_seat:lho,0.6421799115861695,0.6422477475900314,-7.174425523454733e-05,-0.00013924312903088314,2.6369101386627066e-06,2757,148733
pooled_fixed_seeds,no_history,v2,stage:early|target_seat:lho,0.6419771268197254,0.6419839888084382,-8.908311885176626e-06,-5.137929272125854e-05,3.419488392768515e-05,2757,148733
31,no_history,v2,stage:early|target_seat:partner,0.6128061156075449,0.6124999885219017,0.0003028553408184534,0.0002274608329253516,0.00037900663074522833,2757,148733
32,no_history,v2,stage:early|target_seat:partner,0.6125882650691215,0.6123254661131179,0.0002810259063566447,0.00020671592952042474,0.0003551538804641397,2757,148733
33,no_history,v2,stage:early|target_seat:partner,0.6125653184747354,0.6131147265252768,-0.0005732764604192616,-0.0006468636856432811,-0.0005001193177151886,2757,148733
pooled_fixed_seeds,no_history,v2,stage:early|target_seat:partner,0.6126532330504673,0.612646727053432,3.534928918612172e-06,-3.712869501175127e-05,4.4397330002383705e-05,2757,148733
31,no_history,v2,stage:early|target_seat:rho,0.6244948012403728,0.624629380462044,-0.0001382459844103465,-0.00021336499366763386,-6.395110330870627e-05,2757,148733
32,no_history,v2,stage:early|target_seat:rho,0.623780698308707,0.6240178677569672,-0.0002311492694855386,-0.0003069273053027128,-0.00016144607620660677,2757,148733
33,no_history,v2,stage:early|target_seat:rho,0.6246578650306839,0.6253968160568036,-0.0007396680674223921,-0.0008121475881647275,-0.0006727644333812253,2757,148733
pooled_fixed_seeds,no_history,v2,stage:early|target_seat:rho,0.624311121526588,0.624681354758605,-0.0003696877737727591,-0.00041069159165030424,-0.0003310988294971471,2757,148733
31,no_history,v2,stage:late,0.12029957295449609,0.12014438751636092,0.00015572089898995006,0.00010036407316506366,0.00020936197828240368,2757,201522
32,no_history,v2,stage:late,0.12017305226014136,0.1204101710075017,-0.00024401193862064936,-0.0002948883977003181,-0.00019394349143602308,2757,201522
33,no_history,v2,stage:late,0.12071766644338609,0.12084467592004362,-0.00013094358813034803,-0.00017596206583398555,-8.582062341186961e-05,2757,201522
pooled_fixed_seeds,no_history,v2,stage:late,0.12039676388600784,0.12046641148130209,-7.307820925368244e-05,-0.00010250772283749221,-4.517019843545965e-05,2757,201522
31,no_history,v2,stage:late|target_relation:opponent,0.14054209481413774,0.140470313763062,6.944059478633215e-05,-8.490020426505277e-06,0.00014611992292611019,2757,403044
32,no_history,v2,stage:late|target_relation:opponent,0.14050866707206355,0.1407916304940625,-0.0002930916774635112,-0.00036534473060531955,-0.00022361045408444936,2757,403044
33,no_history,v2,stage:late|target_relation:opponent,0.14122571175480086,0.1412386034617147,-1.26137056248519e-05,-7.779781699022948e-05,4.909371248201653e-05,2757,403044
pooled_fixed_seeds,no_history,v2,stage:late|target_relation:opponent,0.1407588245470007,0.1408335159062797,-7.875492943401032e-05,-0.0001194541434661168,-3.9106946399416146e-05,2757,403044
31,no_history,v2,stage:late|target_relation:teammate,0.07981452922075834,0.0794925351184231,0.00032828139132545347,0.00027714353856319847,0.00038213862526907563,2757,201522
32,no_history,v2,stage:late|target_relation:teammate,0.0795018227107489,0.0796472521307775,-0.00014585247807194764,-0.0001948229139856895,-9.604205197922389e-05,2757,201522
33,no_history,v2,stage:late|target_relation:teammate,0.07970157582698899,0.08005682090426224,-0.0003676034068784322,-0.0004172614415197956,-0.0003185529010787032,2757,201522
pooled_fixed_seeds,no_history,v2,stage:late|target_relation:teammate,0.07967264258616541,0.07973220271782094,-6.172483120830876e-05,-9.111306991168864e-05,-3.329671481427685e-05,2757,201522
31,no_history,v2,stage:late|target_seat:lho,0.1407360204629068,0.140620164013135,0.00010308646231393928,5.565620001421162e-06,0.00020663286861492212,2757,201522
32,no_history,v2,stage:late|target_seat:lho,0.1408067499576057,0.14097152031617388,-0.00017424853805855713,-0.00026444892395786803,-8.359393866877203e-05,2757,201522
33,no_history,v2,stage:late|target_seat:lho,0.14154018572234042,0.14160749287060143,-6.070685279645295e-05,-0.0001432999861175385,2.7400488361001922e-05,2757,201522
pooled_fixed_seeds,no_history,v2,stage:late|target_seat:lho,0.14102765204761766,0.14106639239997013,-4.395630951369027e-05,-9.452095307506083e-05,6.748234507356618e-06,2757,201522
31,no_history,v2,stage:late|target_seat:partner,0.07981452922075834,0.0794925351184231,0.00032828139132545347,0.00027714353856319847,0.00038213862526907563,2757,201522
32,no_history,v2,stage:late|target_seat:partner,0.0795018227107489,0.0796472521307775,-0.00014585247807194764,-0.0001948229139856895,-9.604205197922389e-05,2757,201522
33,no_history,v2,stage:late|target_seat:partner,0.07970157582698899,0.08005682090426224,-0.0003676034068784322,-0.0004172614415197956,-0.0003185529010787032,2757,201522
pooled_fixed_seeds,no_history,v2,stage:late|target_seat:partner,0.07967264258616541,0.07973220271782094,-6.172483120830876e-05,-9.111306991168864e-05,-3.329671481427685e-05,2757,201522
31,no_history,v2,stage:late|target_seat:rho,0.14034816916536869,0.140320463512989,3.5794727258723813e-05,-6.858196606528282e-05,0.00012982303003511276,2757,201522
32,no_history,v2,stage:late|target_seat:rho,0.1402105841865214,0.14061174067195112,-0.0004119348168684647,-0.000503005384023699,-0.00031807253335808033,2757,201522
33,no_history,v2,stage:late|target_seat:rho,0.1409112377872613,0.14086971405282803,3.547944154674892e-05,-5.54156740453012e-05,0.00011539670095996693,2757,201522
pooled_fixed_seeds,no_history,v2,stage:late|target_seat:rho,0.1404899970463838,0.14060063941258938,-0.00011355354935433066,-0.00016785462704825324,-6.0991883920339225e-05,2757,201522
31,no_history,v2,stage:middle,0.33869120452384993,0.3382628239450735,0.00043222429148005693,0.0003828811005903672,0.000484346771051715,2757,240596
32,no_history,v2,stage:middle,0.33834040101164786,0.33861241154032284,-0.00027256975459350846,-0.0003173439158554912,-0.00022528358512839968,2757,240596
33,no_history,v2,stage:middle,0.3387620797082498,0.339100842705325,-0.00034285689064470306,-0.00038529166424726446,-0.0002989649548123237,2757,240596
pooled_fixed_seeds,no_history,v2,stage:middle,0.33859789508124916,0.33865869273024046,-6.106745125271822e-05,-8.60854202907354e-05,-3.5165058920842055e-05,2757,240596
31,no_history,v2,stage:middle|target_relation:opponent,0.35476320759191143,0.35448393774723247,0.00028561680508079704,0.00022089623044687729,0.0003527884433311202,2757,481192
32,no_history,v2,stage:middle|target_relation:opponent,0.35462827089313737,0.3548541448371636,-0.00022857636789835482,-0.00028812432762176805,-0.00017047442414538076,2757,481192
33,no_history,v2,stage:middle|target_relation:opponent,0.3550231630781017,0.3552207319599389,-0.00019940367540673113,-0.00025150748492116777,-0.0001450644383808819,2757,481192
pooled_fixed_seeds,no_history,v2,stage:middle|target_relation:opponent,0.3548048805210502,0.354852938181445,-4.745441274142965e-05,-8.25432095427621e-05,-1.3651881045445842e-05,2757,481192
31,no_history,v2,stage:middle|target_relation:teammate,0.30654719874685893,0.3058205967280689,0.0007254391995416993,0.0006444429883327146,0.0008017165207952479,2757,240596
32,no_history,v2,stage:middle|target_relation:teammate,0.3057646613958418,0.3061289450567468,-0.00036055649051555395,-0.00043432059301021773,-0.0002850760249710924,2757,240596
33,no_history,v2,stage:middle|target_relation:teammate,0.3062399133221521,0.3068610644639714,-0.0006297632306151415,-0.0007031261928656956,-0.0005540938763520339,2757,240596
pooled_fixed_seeds,no_history,v2,stage:middle|target_relation:teammate,0.30618392448828424,0.30627020208292904,-8.829350719633208e-05,-0.00013000304325026403,-4.475287362419225e-05,2757,240596
31,no_history,v2,stage:middle|target_seat:lho,0.3585887521898691,0.35828115986146647,0.0003177108931487153,0.0002367243914604059,0.0004050641232791561,2757,240596
32,no_history,v2,stage:middle|target_seat:lho,0.358671160079438,0.35885852717900696,-0.0001887749725064527,-0.0002731915903072737,-0.00010788840786536707,2757,240596
33,no_history,v2,stage:middle|target_seat:lho,0.3590733531500253,0.3591189029902066,-5.911334039587784e-05,-0.00013812858271393903,2.0822848682217986e-05,2757,240596
pooled_fixed_seeds,no_history,v2,stage:middle|target_seat:lho,0.35877775513977744,0.35875286334356,2.32741934154616e-05,-2.3976867884600912e-05,6.987667010991082e-05,2757,240596
31,no_history,v2,stage:middle|target_seat:partner,0.30654719874685893,0.3058205967280689,0.0007254391995416993,0.0006444429883327146,0.0008017165207952479,2757,240596
32,no_history,v2,stage:middle|target_seat:partner,0.3057646613958418,0.3061289450567468,-0.00036055649051555395,-0.00043432059301021773,-0.0002850760249710924,2757,240596
33,no_history,v2,stage:middle|target_seat:partner,0.3062399133221521,0.3068610644639714,-0.0006297632306151415,-0.0007031261928656956,-0.0005540938763520339,2757,240596
pooled_fixed_seeds,no_history,v2,stage:middle|target_seat:partner,0.30618392448828424,0.30627020208292904,-8.829350719633208e-05,-0.00013000304325026403,-4.475287362419225e-05,2757,240596
31,no_history,v2,stage:middle|target_seat:rho,0.3509376629939537,0.3506867156329984,0.00025352271701287887,0.0001630888661730693,0.0003402686518610391,2757,240596
32,no_history,v2,stage:middle|target_seat:rho,0.35058538170683673,0.3508497624953202,-0.00026837776329025667,-0.0003492563457257584,-0.00018730189510461544,2757,240596
33,no_history,v2,stage:middle|target_seat:rho,0.3509729730061781,0.3513225609296713,-0.00033969401041758555,-0.0004147854391844953,-0.00026447266478848465,2757,240596
pooled_fixed_seeds,no_history,v2,stage:middle|target_seat:rho,0.35083200590232283,0.35095301301932996,-0.00011818301889832109,-0.00016540720704557213,-7.291997871216793e-05,2757,240596
31,no_history,v2,style_region:heldout,0.33663488499785454,0.33638582172095066,0.00025378052897992296,0.00021641709727595994,0.0002900533860702906,2757,590851
32,no_history,v2,style_region:heldout,0.3363534042161811,0.33654622863149014,-0.00019411400808741385,-0.0002267515796990128,-0.00015789589530367808,2757,590851
33,no_history,v2,style_region:heldout,0.3368167051784681,0.3371117664154302,-0.0003012523700612372,-0.00033253185663761344,-0.0002698552000057486,2757,590851
pooled_fixed_seeds,no_history,v2,style_region:heldout,0.33660166479750125,0.33668127225595695,-8.052861638957604e-05,-9.927418340031798e-05,-6.161158164360423e-05,2757,590851
31,no_history,v2,target_driver:bot,0.36421336312371244,0.36395446271654563,0.0002644281142385429,0.00020243384174784774,0.00032990563721039943,2757,914696
32,no_history,v2,target_driver:bot,0.363741516116853,0.3639685828701435,-0.00023009418162010112,-0.00029063375705886275,-0.00016854426557054198,2757,914696
33,no_history,v2,target_driver:bot,0.36448219809652116,0.36480243235526527,-0.00032516528513698724,-0.00037702997688753123,-0.0002710913932680593,2757,914696
pooled_fixed_seeds,no_history,v2,target_driver:bot,0.36414569244569556,0.36424182598065147,-9.694378417284848e-05,-0.00012939004224827577,-6.38009087008236e-05,2757,914696
31,no_history,v2,target_driver:policy,0.3072291408098006,0.306990566484353,0.0002412830987578586,0.00019796514543519788,0.00028183857811079455,2757,857857
32,no_history,v2,target_driver:policy,0.30715063933928105,0.30730695261855867,-0.00015565504174685992,-0.00019307486448757067,-0.00011582394895031848,2757,857857
33,no_history,v2,target_driver:policy,0.3073181808599856,0.30758640113033947,-0.00027593281659069724,-0.00031397591975565014,-0.00023741920921325024,2757,857857
pooled_fixed_seeds,no_history,v2,target_driver:policy,0.30723265366968905,0.30729464007775037,-6.34349198598995e-05,-8.630565826522513e-05,-4.0765603738460945e-05,2757,857857
31,no_history,v2,target_relation:opponent,0.35179788987705735,0.35166567364377127,0.00013609152092428913,8.545025286416636e-05,0.0001835805531973174,2757,1181702
32,no_history,v2,target_relation:opponent,0.3516157412102742,0.35183908512409534,-0.00022593975258939952,-0.0002706609197838134,-0.00017925974387076704,2757,1181702
33,no_history,v2,target_relation:opponent,0.35218275393113857,0.3523691463937397,-0.00018877027914118962,-0.00023107841728277887,-0.00015012423038249155,2757,1181702
pooled_fixed_seeds,no_history,v2,target_relation:opponent,0.3518654616728234,0.3519579683872021,-9.287283693543334e-05,-0.0001194877644516621,-6.76273097869944e-05,2757,1181702
31,no_history,v2,target_relation:teammate,0.3063088754694194,0.3058261181674387,0.0004891584722306281,0.00043590304370181313,0.0005371254628818561,2757,590851
32,no_history,v2,target_relation:teammate,0.30582873045494574,0.30596051586639267,-0.0001304625181435667,-0.00017481577550053706,-8.312289512869024e-05,2757,590851
33,no_history,v2,target_relation:teammate,0.3060846078997341,0.3065970066028938,-0.0005262164519565875,-0.0005758046600610115,-0.00047707263655417557,2757,590851
pooled_fixed_seeds,no_history,v2,target_relation:teammate,0.3060740712746997,0.30612788021224174,-5.5840165956508715e-05,-8.21915744666541e-05,-2.981856948551808e-05,2757,590851
31,no_history,v2,target_seat:lho,0.3556223871642383,0.3554357134868676,0.00018716622509692653,0.00012614707208697326,0.0002471131234415874,2757,590851
32,no_history,v2,target_seat:lho,0.3556282246700781,0.3557707313403882,-0.00014445974425441195,-0.0002068985637969187,-8.534673977183935e-05,2757,590851
33,no_history,v2,target_seat:lho,0.35614464318680467,0.35620322383208153,-6.245968441105224e-05,-0.00012045918882937882,-3.66863131914692e-06,2757,590851
pooled_fixed_seeds,no_history,v2,target_seat:lho,0.3557984183403737,0.3558032228864458,-6.584401189512545e-06,-4.028798415155038e-05,2.6244233096042385e-05,2757,590851
31,no_history,v2,target_seat:partner,0.3063088754694194,0.3058261181674387,0.0004891584722306281,0.00043590304370181313,0.0005371254628818561,2757,590851
32,no_history,v2,target_seat:partner,0.30582873045494574,0.30596051586639267,-0.0001304625181435667,-0.00017481577550053706,-8.312289512869024e-05,2757,590851
33,no_history,v2,target_seat:partner,0.3060846078997341,0.3065970066028938,-0.0005262164519565875,-0.0005758046600610115,-0.00047707263655417557,2757,590851
pooled_fixed_seeds,no_history,v2,target_seat:partner,0.3060740712746997,0.30612788021224174,-5.5840165956508715e-05,-8.21915744666541e-05,-2.981856948551808e-05,2757,590851
31,no_history,v2,target_seat:rho,0.3479733925898764,0.347895633800675,8.501681675165282e-05,1.8453045952061025e-05,0.00014733103611909413,2757,590851
32,no_history,v2,target_seat:rho,0.34760325775047035,0.34790743890780246,-0.00030741976092438683,-0.0003678430273227188,-0.0002443450381479549,2757,590851
33,no_history,v2,target_seat:rho,0.3482208646754725,0.3485350689553978,-0.0003150808738713247,-0.0003690118938002593,-0.0002627773991250287,2757,590851
pooled_fixed_seeds,no_history,v2,target_seat:rho,0.34793250500527306,0.34811271388795845,-0.00017916127268135292,-0.00021431551765408949,-0.00014539863601474554,2757,590851
