seed,reference,cell,reference_micro_loss,history_micro_loss,paired_mean_match_improvement,ci_low,ci_high,test_matches
31,v1,round_bin:0,0.39980629252287353,0.39555299501164887,0.004253297511224675,0.004058759869792844,0.004443744410541435,2768
31,v1,round_bin:1,0.40371827297585944,0.3986483114220288,0.00506996155383069,0.004834160192708974,0.005306816716213838,2761
31,v1,round_bin:2-3,0.39749563944367244,0.39229500840424125,0.005200233897322382,0.005047186450188731,0.005363530182111219,2757
31,v1,round_bin:4-5,0.4023922634375359,0.3968721336385265,0.005673302244602936,0.0054503039676814325,0.005896086452247573,2741
31,v1,round_bin:6+,0.3963172690494427,0.3905915991525563,0.005762417801561804,0.004846350215226158,0.00670039295489143,194
31,v1,stage:early,0.6408161541592864,0.6345408717709469,0.006241838934764662,0.006104752251038413,0.006373198195318209,2768
31,v1,stage:early|target_relation:opponent,0.6449919749259126,0.6380843417328742,0.0068497911050481005,0.0066918516618665845,0.007007874780321133,2768
31,v1,stage:early|target_relation:teammate,0.6324645128742067,0.627453932175735,0.005025934477563224,0.004815783380351284,0.005229376782522279,2768
31,v1,stage:early|target_seat:lho,0.648494672349181,0.6415401426649874,0.006895237920424954,0.006704141343884816,0.007088231177999308,2768
31,v1,stage:early|target_seat:partner,0.6324645128742067,0.627453932175735,0.005025934477563224,0.004815783380351284,0.005229376782522279,2768
31,v1,stage:early|target_seat:rho,0.6414892775026444,0.634628540800761,0.0068043442896712466,0.0066115382681282845,0.006996430094748722,2768
31,v1,stage:late,0.1010120573958017,0.09995306814432313,0.001213909149875493,0.0010750895893507216,0.0013589285516316229,2767
31,v1,stage:late|target_relation:opponent,0.11384916980712634,0.11246871324927589,0.0015554389298097471,0.0013895903903364726,0.0017232094643957335,2767
31,v1,stage:late|target_relation:teammate,0.07533783263053596,0.07492177794713782,0.0005308496924705981,0.0003155412692579169,0.0007461872264880687,2767
31,v1,stage:late|target_seat:lho,0.11455440090402116,0.11311491323630082,0.0015802429934066498,0.0013696177650430682,0.0017877570722028338,2767
31,v1,stage:late|target_seat:partner,0.07533783263053596,0.07492177794713782,0.0005308496924705981,0.0003155412692579169,0.0007461872264880687,2767
31,v1,stage:late|target_seat:rho,0.11314393871023148,0.11182251326225094,0.0015306348662128448,0.0013095954695783079,0.0017485416555131836,2767
31,v1,stage:middle,0.32449804434952023,0.31909896244796443,0.005413941381752851,0.005290707714888592,0.005538962446690209,2768
31,v1,stage:middle|target_relation:opponent,0.3354877108285566,0.32963009905886625,0.005867788549502753,0.00572645381904911,0.006011393832969854,2768
31,v1,stage:middle|target_relation:teammate,0.30251871148798287,0.2980366893978179,0.004506246983591924,0.0043260180595301135,0.004691324460092595,2768
31,v1,stage:middle|target_seat:lho,0.33798008676275243,0.33205658548759065,0.005933725991007182,0.00575038299711738,0.006105135704840451,2768
31,v1,stage:middle|target_seat:partner,0.30251871148798287,0.2980366893978179,0.004506246983591924,0.0043260180595301135,0.004691324460092595,2768
31,v1,stage:middle|target_seat:rho,0.3329953348943608,0.32720361263014186,0.005801851107998323,0.005611840290403303,0.005985140888412741,2768
31,v1,style_region:heldout,0.40025753088307736,0.39517011131833285,0.0051101760645310785,0.0050091206784336996,0.00520956906354303,2768
31,v1,target_driver:bot,0.3393517640540537,0.33486817911464123,0.004494049215106651,0.004374109100320361,0.0046075615992930705,2768
31,v1,target_driver:policy,0.4683646217065545,0.4626019718776851,0.00579857511266671,0.005644416710959545,0.005956814195983617,2768
31,v1,target_relation:opponent,0.4091994613679252,0.4036138788659088,0.005595850416541101,0.005477437708982916,0.0057135519989794025,2768
31,v1,target_relation:teammate,0.3823736700557629,0.3782825764257063,0.004138827298840599,0.003991216577196862,0.004293222443257292,2768
31,v1,target_seat:lho,0.4117833826673311,0.4061393015104991,0.005656854160863524,0.005515923462710098,0.005796205740451065,2768
31,v1,target_seat:partner,0.3823736700557629,0.3782825764257063,0.004138827298840599,0.003991216577196862,0.004293222443257292,2768
31,v1,target_seat:rho,0.4066155400685192,0.40108845622131856,0.00553484667221868,0.005383686099928703,0.0056812709207266976,2768
31,no_history,round_bin:0,0.3957666140880744,0.39555299501164887,0.0002136190764255415,0.0001368541506051286,0.0002852912320434981,2768
31,no_history,round_bin:1,0.3988335299134953,0.3986483114220288,0.0001852184914665276,7.401537982577957e-05,0.0002880687335879832,2761
31,no_history,round_bin:2-3,0.39254042652636145,0.39229500840424125,0.00024171401435742898,0.0001665765138065329,0.0003193512054255477,2757
31,no_history,round_bin:4-5,0.3969295432581423,0.3968721336385265,5.1812036822993545e-05,-4.1797683372031e-05,0.00015174029664950307,2741
31,no_history,round_bin:6+,0.3909919881573321,0.3905915991525563,0.0005144117467998188,0.00011261200019654177,0.0009503599440951413,194
31,no_history,stage:early,0.635081033085356,0.6345408717709469,0.000534344787128869,0.00047641426922315563,0.0005937588918345469,2768
31,no_history,stage:early|target_relation:opponent,0.6388915862668969,0.6380843417328742,0.000794594269793498,0.0007262931897933285,0.0008618040212512472,2768
31,no_history,stage:early|target_relation:teammate,0.6274599269595449,0.627453932175735,1.3845684525951422e-05,-7.532033464327105e-05,0.00010394584711579209,2768
31,no_history,stage:early|target_seat:lho,0.6423047705641398,0.6415401426649874,0.0007586709641471497,0.0006732871158528087,0.0008449757453030701,2768
31,no_history,stage:early|target_seat:partner,0.6274599269595449,0.627453932175735,1.3845684525951422e-05,-7.532033464327105e-05,0.00010394584711579209,2768
31,no_history,stage:early|target_seat:rho,0.6354784019696541,0.634628540800761,0.0008305175754398452,0.0007425305671097917,0.0009226137083663679,2768
31,no_history,stage:late,0.0997810342198999,0.09995306814432313,-0.00017648910518354967,-0.00025574996035108554,-9.720436724967097e-05,2767
31,no_history,stage:late|target_relation:opponent,0.11229683281107215,0.11246871324927589,-0.00019348729637422537,-0.0002823781213084866,-0.0001020577656621498,2767
31,no_history,stage:late|target_relation:teammate,0.07474943707619394,0.07492177794713782,-0.00014249265747378592,-0.00025629193186826904,-2.496517658160545e-05,2767
31,no_history,stage:late|target_seat:lho,0.1129664473704302,0.11311491323630082,-0.00018470003187184028,-0.00030803516096868425,-7.017097039965846e-05,2767
31,no_history,stage:late|target_seat:partner,0.07474943707619394,0.07492177794713782,-0.00014249265747378592,-0.00025629193186826904,-2.496517658160545e-05,2767
31,no_history,stage:late|target_seat:rho,0.11162721825171408,0.11182251326225094,-0.00020227456087661052,-0.00032297377483131873,-7.558993581278073e-05,2767
31,no_history,stage:middle,0.3191487457110221,0.31909896244796443,5.344637619097471e-05,-6.9997278369384115e-06,0.00011417600359819071,2768
31,no_history,stage:middle|target_relation:opponent,0.32977893058591085,0.32963009905886625,0.000151647460542063,8.658600563950933e-05,0.00021650712977001662,2768
31,no_history,stage:middle|target_relation:teammate,0.29788837603595947,0.2980366893978179,-0.0001429558913215441,-0.00023339132761565452,-5.2922457098314595e-05,2768
31,no_history,stage:middle|target_seat:lho,0.33211457171522213,0.33205658548759065,6.487597901758184e-05,-2.3130957640755334e-05,0.00015341820097972294,2768
31,no_history,stage:middle|target_seat:partner,0.29788837603595947,0.2980366893978179,-0.0001429558913215441,-0.00023339132761565452,-5.2922457098314595e-05,2768
31,no_history,stage:middle|target_seat:rho,0.3274432894565995,0.32720361263014186,0.000238418942066543,0.0001518623007526395,0.0003266071659266775,2768
31,no_history,style_region:heldout,0.39535481171734055,0.39517011131833285,0.00018672988746967824,0.0001418244673151841,0.0002318077876576714,2768
31,no_history,target_driver:bot,0.3353958228105331,0.33486817911464123,0.0005340792351442383,0.00047680416893087346,0.0005890667716234646,2768
31,no_history,target_driver:policy,0.46240318028903543,0.4626019718776851,-0.00020061903311327452,-0.0002671182398587467,-0.00013571563080275637,2768
31,no_history,target_relation:opponent,0.4039406512392813,0.4036138788659088,0.00032677341931125427,0.0002742740450555491,0.0003785685989807015,2768
31,no_history,target_relation:teammate,0.3781831327981469,0.3782825764257063,-9.335725902836368e-05,-0.00016065989954704832,-2.6398892156277782e-05,2768
31,no_history,target_seat:lho,0.4064075691349942,0.4061393015104991,0.0002730807302630041,0.00020431917952893415,0.0003417963126128534,2768
31,no_history,target_seat:partner,0.3781831327981469,0.3782825764257063,-9.335725902836368e-05,-0.00016065989954704832,-2.6398892156277782e-05,2768
31,no_history,target_seat:rho,0.4014737333435684,0.40108845622131856,0.00038046610835950424,0.00031494717193168936,0.0004465402507043948,2768
32,v1,round_bin:0,0.40103454127887805,0.39615485852616084,0.00487968275271722,0.004683553334365754,0.005077411624171646,2768
32,v1,round_bin:1,0.4051446616358684,0.39883979963980226,0.006304861996066097,0.006053021290107406,0.006552448347356596,2761
32,v1,round_bin:2-3,0.39891498792045654,0.39240815252591466,0.0065124325911087326,0.006338218076791171,0.006676566088066732,2757
32,v1,round_bin:4-5,0.40380418586606137,0.3970441463948295,0.006925203641206965,0.0066972435718153514,0.007154950731233843,2741
32,v1,round_bin:6+,0.3976031822582781,0.39148174108496847,0.00638705897702204,0.005549444005600668,0.007173042548749929,194
32,v1,stage:early,0.6424836262366056,0.6349609457356273,0.007518119366811049,0.0073883367696439915,0.007649105352934176,2768
32,v1,stage:early|target_relation:opponent,0.6466994716038021,0.6384375044550814,0.008247802502843406,0.00810468208393413,0.00839535422333146,2768
32,v1,stage:early|target_relation:teammate,0.6340519356673491,0.6280078286225598,0.006058752928289986,0.005845203769679916,0.006272637179781066,2768
32,v1,stage:early|target_seat:lho,0.6501009750875851,0.6424988418417374,0.007577449269038773,0.007374942178799802,0.007769541167318995,2768
32,v1,stage:early|target_seat:partner,0.6340519356673491,0.6280078286225598,0.006058752928289986,0.005845203769679916,0.006272637179781066,2768
32,v1,stage:early|target_seat:rho,0.6432979681200192,0.6343761670684253,0.00891815573664804,0.008731889590775406,0.009108058792569785,2768
32,v1,stage:late,0.10189706610336811,0.10015758004413063,0.0019156267586699464,0.001770845787285017,0.0020660991733265827,2767
32,v1,stage:late|target_relation:opponent,0.114718526815661,0.11252912377183012,0.0024023805588131845,0.002227549022803787,0.002572266934277392,2767
32,v1,stage:late|target_relation:teammate,0.07625414459148015,0.07541449262878494,0.0009421190133057422,0.000726340518743764,0.0011754154820464895,2767
32,v1,stage:late|target_seat:lho,0.11513705404612752,0.11347047851890223,0.001878483470807817,0.0016645655621992563,0.002092988839370229,2767
32,v1,stage:late|target_seat:partner,0.07625414459148015,0.07541449262878494,0.0009421190133057422,0.000726340518743764,0.0011754154820464895,2767
32,v1,stage:late|target_seat:rho,0.11429999958519445,0.11158776902475803,0.0029262776468185524,0.0027019027036067193,0.0031491842836908514,2767
32,v1,stage:middle,0.3258269500852472,0.31924090430294394,0.006583095087564047,0.006457428273581757,0.006712413028082611,2768
32,v1,stage:middle|target_relation:opponent,0.336906755595881,0.3296916191419722,0.0072092069527758896,0.00706926815683015,0.0073535501739659,2768
32,v1,stage:middle|target_relation:teammate,0.30366733936440427,0.29833947484438017,0.005330871437427213,0.005137601760761524,0.005522810938444787,2768
32,v1,stage:middle|target_seat:lho,0.33917007043379205,0.3327258425763079,0.006434340555461074,0.006255326371605238,0.006617667530141817,2768
32,v1,stage:middle|target_seat:partner,0.30366733936440427,0.29833947484438017,0.005330871437427213,0.005137601760761524,0.005522810938444787,2768
32,v1,stage:middle|target_seat:rho,0.3346434407579699,0.3266573957076365,0.007984073350090702,0.0077971162417596294,0.008151969421160957,2768
32,v1,style_region:heldout,0.4016388363480952,0.39541497744124116,0.006250471449045478,0.006151435974117221,0.006355880863989798,2768
32,v1,target_driver:bot,0.3405941642672287,0.3350255176787151,0.005596674202616483,0.005478095814277829,0.005711358379156136,2768
32,v1,target_driver:policy,0.469901256224498,0.4629447145876069,0.006977305984683728,0.006814901162288703,0.007147572469891311,2768
32,v1,target_relation:opponent,0.41063911391246877,0.4037739719654661,0.006886532843256133,0.006768983929828844,0.0070036075626280425,2768
32,v1,target_relation:teammate,0.383638281419633,0.3786969886231364,0.004978348639771701,0.004829673938262599,0.005126523527138424,2768
32,v1,target_seat:lho,0.41302918160304936,0.4068625772103811,0.006179110484358437,0.0060355443541396546,0.006329882169027888,2768
32,v1,target_seat:partner,0.383638281419633,0.3786969886231364,0.004978348639771701,0.004829673938262599,0.005126523527138424,2768
32,v1,target_seat:rho,0.40824904622188823,0.4006853667205511,0.0075939552021538305,0.007447869228337141,0.007733883001203303,2768
32,no_history,round_bin:0,0.39647631154721685,0.39615485852616084,0.0003214530210560281,0.0002450176081833067,0.0003976290018951886,2768
32,no_history,round_bin:1,0.3992172548321984,0.39883979963980226,0.00037745519239614146,0.00028199767259450795,0.00047488895676024907,2761
32,no_history,round_bin:2-3,0.3928874412819142,0.39240815252591466,0.000477439013387658,0.0004081423360524559,0.0005466434346997834,2757
32,no_history,round_bin:4-5,0.3976226718397973,0.3970441463948295,0.0006331286392733033,0.0005359885966583036,0.0007297391187364865,2741
32,no_history,round_bin:6+,0.3917955840672967,0.39148174108496847,0.0003739588181143659,3.60755700237469e-05,0.0007230250244030297,194
32,no_history,stage:early,0.6356903892045279,0.6349609457356273,0.000732824872618645,0.0006798217685508603,0.0007855498171940831,2768
32,no_history,stage:early|target_relation:opponent,0.6392118018970107,0.6384375044550814,0.0007808791425523609,0.0007214264545661171,0.0008387726816571761,2768
32,no_history,stage:early|target_relation:teammate,0.6286475644079044,0.6280078286225598,0.0006367165868131229,0.0005483066692630606,0.0007275587530682756,2768
32,no_history,stage:early|target_seat:lho,0.6433195095323414,0.6424988418417374,0.0008268154430624365,0.0007433934258596017,0.0009071082741213708,2768
32,no_history,stage:early|target_seat:partner,0.6286475644079044,0.6280078286225598,0.0006367165868131229,0.0005483066692630606,0.0007275587530682756,2768
32,no_history,stage:early|target_seat:rho,0.6351040942616798,0.6343761670684253,0.0007349428420422845,0.0006548692079851843,0.0008116500687540063,2768
32,no_history,stage:late,0.10012248203594555,0.10015758004413063,-3.066563449718617e-05,-0.00011025605949422919,4.7427810537025307e-05,2767
32,no_history,stage:late|target_relation:opponent,0.11253154484523532,0.11252912377183012,2.5703187151946394e-05,-6.0957406339325156e-05,0.0001105856348454724,2767
32,no_history,stage:late|target_relation:teammate,0.07530435637999756,0.07541449262878494,-0.00014340333821102926,-0.00025783599315140464,-2.570837943870629e-05,2767
32,no_history,stage:late|target_seat:lho,0.113383944120099,0.11347047851890223,-7.919542209488926e-05,-0.000194105580644705,3.684071251249915e-05,2767
32,no_history,stage:late|target_seat:partner,0.07530435637999756,0.07541449262878494,-0.00014340333821102926,-0.00025783599315140464,-2.570837943870629e-05,2767
32,no_history,stage:late|target_seat:rho,0.11167914557037165,0.11158776902475803,0.00013060179639878204,1.134570620833815e-05,0.00024704304937928924,2767
32,no_history,stage:middle,0.3196454990427511,0.31924090430294394,0.00041092779533878984,0.00035597804185509286,0.0004639858126568804,2768
32,no_history,stage:middle|target_relation:opponent,0.3301132846743277,0.3296916191419722,0.00043061036282291825,0.00036826223329067097,0.0004893531330860312,2768
32,no_history,stage:middle|target_relation:teammate,0.29870992801149837,0.29833947484438017,0.0003715626833994024,0.00028144642958800804,0.00045833947311464955,2768
32,no_history,stage:middle|target_seat:lho,0.3331908152091864,0.3327258425763079,0.00048204210098120323,0.0004014604393566873,0.0005591990859025114,2768
32,no_history,stage:middle|target_seat:partner,0.29870992801149837,0.29833947484438017,0.0003715626833994024,0.00028144642958800804,0.00045833947311464955,2768
32,no_history,stage:middle|target_seat:rho,0.32703575413946906,0.3266573957076365,0.0003791786246646313,0.0002942591780789391,0.00045904167949173673,2768
32,no_history,style_region:heldout,0.39586791739025634,0.39541497744124116,0.0004642876768590442,0.00042141440213359487,0.000503773927146101,2768
32,no_history,target_driver:bot,0.335561931897077,0.3350255176787151,0.0005547024373298135,0.0005066196270537218,0.0006011916581562498,2768
32,no_history,target_driver:policy,0.46330431056776045,0.4629447145876069,0.000366966878817324,0.0003006698879058694,0.00042920084103279654,2768
32,no_history,target_relation:opponent,0.4042562539244084,0.4037739719654661,0.0004961823856523194,0.00044834495155887124,0.0005417625975694423,2768
32,no_history,target_relation:teammate,0.3790912446367784,0.3786969886231364,0.00040049835817361674,0.0003358638045434077,0.00046558610358809317,2768
32,no_history,target_seat:lho,0.40737066617588374,0.4068625772103811,0.0005256167650092824,0.0004623691261470327,0.0005866084067828415,2768
32,no_history,target_seat:partner,0.3790912446367784,0.3786969886231364,0.00040049835817361674,0.0003358638045434077,0.00046558610358809317,2768
32,no_history,target_seat:rho,0.401141841672933,0.4006853667205511,0.0004667480062953564,0.00040420158172909293,0.0005282316010206309,2768
33,v1,round_bin:0,0.39961790756610116,0.39575939337070754,0.0038585141953936452,0.0036607875124074164,0.004052834128718304,2768
33,v1,round_bin:1,0.4039756695290193,0.3985572543144373,0.005418415214581991,0.005176611969543023,0.005658059846513066,2761
33,v1,round_bin:2-3,0.39766961898577086,0.39226476556016654,0.005406464964877418,0.005236705142610336,0.005570194385137673,2757
33,v1,round_bin:4-5,0.4025822721708617,0.3970175702548707,0.005679661124624314,0.005444966639221696,0.005907245123201382,2741
33,v1,round_bin:6+,0.396358083343703,0.3911274449107413,0.00544153625501892,0.004626436921801152,0.006300066101698424,194
33,v1,stage:early,0.6410925560207337,0.6353311883071048,0.00575785386551726,0.0056285707357761365,0.005892127727443868,2768
33,v1,stage:early|target_relation:opponent,0.6456699857933987,0.639171429848527,0.00648069039679728,0.00633074936388265,0.006634354211633906,2768
33,v1,stage:early|target_relation:teammate,0.6319376967108502,0.6276507057773872,0.004312180460923351,0.0040990328352077015,0.0045223798954456785,2768
33,v1,stage:early|target_seat:lho,0.6490125562925213,0.6426932486535134,0.006309865626532496,0.006110585906563435,0.006503324597730535,2768
33,v1,stage:early|target_seat:partner,0.6319376967108502,0.6276507057773872,0.004312180460923351,0.0040990328352077015,0.0045223798954456785,2768
33,v1,stage:early|target_seat:rho,0.6423274152942761,0.6356496110435408,0.006651515167062067,0.006460011698571657,0.006845005813226549,2768
33,v1,stage:late,0.10118114961996326,0.099455631038089,0.0019071485076041577,0.0017604376051761567,0.0020559063122878394,2767
33,v1,stage:late|target_relation:opponent,0.11399711520206601,0.11181785666647324,0.002331926160002707,0.002162588247561755,0.0025017766896633306,2767
33,v1,stage:late|target_relation:teammate,0.07554921852922625,0.07473117973427691,0.0010575932911529335,0.0008417053225438227,0.0012842202732686655,2767
33,v1,stage:late|target_seat:lho,0.11500260070894276,0.11292331363409777,0.0022082007949916185,0.0019836345881750145,0.002422322192555732,2767
33,v1,stage:late|target_seat:partner,0.07554921852922625,0.07473117973427691,0.0010575932911529335,0.0008417053225438227,0.0012842202732686655,2767
33,v1,stage:late|target_seat:rho,0.11299162969518929,0.11071239969884869,0.002455651525013795,0.002238130304733934,0.002667184185152631,2767
33,v1,stage:middle,0.3245110826630107,0.318823752172673,0.0056934957825127515,0.005565840571537742,0.005822842997875157,2768
33,v1,stage:middle|target_relation:opponent,0.335607438180227,0.3294514458496961,0.00616102054661377,0.0060202106055967635,0.0063067879608735035,2768
33,v1,stage:middle|target_relation:teammate,0.3023183717341709,0.29756836505283735,0.004758446148586242,0.004561489105717022,0.004952102717111867,2768
33,v1,stage:middle|target_seat:lho,0.3383054922518767,0.33240331862010775,0.005895085731931431,0.0057176284877021285,0.006078841138958009,2768
33,v1,stage:middle|target_seat:partner,0.3023183717341709,0.29756836505283735,0.004758446148586242,0.004561489105717022,0.004952102717111867,2768
33,v1,stage:middle|target_seat:rho,0.3329093841085772,0.3264995730792845,0.006426955361296108,0.006251209098608879,0.006613747987419967,2768
33,v1,style_region:heldout,0.40038159600793055,0.39522446339593315,0.005184932663732609,0.005082819212709824,0.005286252544362592,2768
33,v1,target_driver:bot,0.3395956385283589,0.33518726977122426,0.004410974859545251,0.004288078429203581,0.004533417872019165,2768
33,v1,target_driver:policy,0.46835471156859293,0.4623602835137124,0.0060395573799021975,0.005878598271461418,0.0062069351749104145,2768
33,v1,target_relation:opponent,0.40951213688553023,0.4037975307050096,0.005733679336689992,0.005619370621042293,0.005849947463404013,2768
33,v1,target_relation:teammate,0.38212051439778033,0.37807832908053357,0.004087439183584959,0.003935177502560841,0.004237552486651704,2768
33,v1,target_seat:lho,0.4121911570976101,0.40668356340990275,0.005518871684978958,0.005372489565037143,0.005663606566325302,2768
33,v1,target_seat:partner,0.38212051439778033,0.37807832908053357,0.004087439183584959,0.003935177502560841,0.004237552486651704,2768
33,v1,target_seat:rho,0.4068331166734504,0.40091149800011655,0.005948486988401026,0.005813388066336494,0.0061007945001743825,2768
33,no_history,round_bin:0,0.39580120849228606,0.39575939337070754,4.181512157855274e-05,-3.5129614306981486e-05,0.0001158078129845704,2768
33,no_history,round_bin:1,0.3982456598899041,0.3985572543144373,-0.00031159442453315483,-0.00040912536353019535,-0.00020626853517705893,2761
33,no_history,round_bin:2-3,0.3919064696989809,0.39226476556016654,-0.00035721531605652695,-0.00043065324601997736,-0.0002807854514035066,2757
33,no_history,round_bin:4-5,0.396400401755401,0.3970175702548707,-0.0006491495324947583,-0.0007525815929891589,-0.000548114495587533,2741
33,no_history,round_bin:6+,0.39052296065317343,0.3911274449107413,-0.0005286224775066657,-0.000917444398834703,-0.0001433714006566812,194
33,no_history,stage:early,0.6344606436777463,0.6353311883071048,-0.0008705302944923654,-0.0009274448776946722,-0.0008161504140505037,2768
33,no_history,stage:early|target_relation:opponent,0.6381507603340729,0.639171429848527,-0.0010223415188525373,-0.0010967564653812665,-0.0009520058750136215,2768
33,no_history,stage:early|target_relation:teammate,0.6270804109363853,0.6276507057773872,-0.0005669079131821284,-0.0006532970102871993,-0.00048644372162585584,2768
33,no_history,stage:early|target_seat:lho,0.6415377992901892,0.6426932486535134,-0.001164401068928164,-0.0012569691941925973,-0.0010754440952068056,2768
33,no_history,stage:early|target_seat:partner,0.6270804109363853,0.6276507057773872,-0.0005669079131821284,-0.0006532970102871993,-0.00048644372162585584,2768
33,no_history,stage:early|target_seat:rho,0.6347637213779567,0.6356496110435408,-0.0008802819687769114,-0.0009705814321485078,-0.000793416638317818,2768
33,no_history,stage:late,0.09972450076130739,0.099455631038089,0.00030853111587570694,0.00022740355419019945,0.0003852634855674218,2767
33,no_history,stage:late|target_relation:opponent,0.11211907508774818,0.11181785666647324,0.0003438633686690085,0.00025324359139449983,0.0004330050965344628,2767
33,no_history,stage:late|target_relation:teammate,0.07493535211863327,0.07473117973427691,0.00023786665364012495,0.00011471430210833488,0.00035779606752477935,2767
33,no_history,stage:late|target_seat:lho,0.1133112327701028,0.11292331363409777,0.00045303936512049056,0.00033201495056758384,0.0005788151214864358,2767
33,no_history,stage:late|target_seat:partner,0.07493535211863327,0.07473117973427691,0.00023786665364012495,0.00011471430210833488,0.00035779606752477935,2767
33,no_history,stage:late|target_seat:rho,0.11092691740539354,0.11071239969884869,0.00023468737221752636,0.00011727434049255761,0.00035124008466005615,2767
33,no_history,stage:middle,0.3186591435072577,0.318823752172673,-0.00016319901022621882,-0.00022102112561027748,-0.00010495533286648007,2768
33,no_history,stage:middle|target_relation:opponent,0.3291944090496525,0.3294514458496961,-0.00025954469223677225,-0.00032404895203230245,-0.00019044744654248124,2768
33,no_history,stage:middle|target_relation:teammate,0.2975886127416811,0.29756836505283735,2.949246417276001e-05,-5.72281985230412e-05,0.00011641889816303403,2768
33,no_history,stage:middle|target_seat:lho,0.33222073647134903,0.33240331862010775,-0.00018866076167675777,-0.0002766953080439824,-9.880166061477488e-05,2768
33,no_history,stage:middle|target_seat:partner,0.2975886127416811,0.29756836505283735,2.949246417276001e-05,-5.72281985230412e-05,0.00011641889816303403,2768
33,no_history,stage:middle|target_seat:rho,0.326168081627956,0.3264995730792845,-0.00033042862279678774,-0.00041785121841885045,-0.00023704674326713448,2768
33,no_history,style_region:heldout,0.39488163073929833,0.39522446339593315,-0.00034257362562148,-0.00038683978039806766,-0.0002979418049202058,2768
33,no_history,target_driver:bot,0.33440956439562847,0.33518726977122426,-0.0007903827388570211,-0.0008485338830747736,-0.0007316908699557046,2768
33,no_history,target_driver:policy,0.46250374172542075,0.4623602835137124,0.00015449938312278377,8.815782088029381e-05,0.00022161871907374237,2768
33,no_history,target_relation:opponent,0.4033602259780186,0.4037975307050096,-0.000441631827548989,-0.0004953244262258067,-0.0003877228566105028,2768
33,no_history,target_relation:teammate,0.37792444062309793,0.37807832908053357,-0.00014445716068865784,-0.00021085192207242115,-8.112639141164737e-05,2768
33,no_history,target_seat:lho,0.4062515984083637,0.40668356340990275,-0.00043601113078603335,-0.000505920323855146,-0.00036950148244625926,2768
33,no_history,target_seat:partner,0.37792444062309793,0.37807832908053357,-0.00014445716068865784,-0.00021085192207242115,-8.112639141164737e-05,2768
33,no_history,target_seat:rho,0.4004688535476735,0.40091149800011655,-0.0004472525243119455,-0.0005170316968950517,-0.0003762844329692072,2768
