update,arm,profiled,t_end,collect_s,learn_s,gcollect_s,glearn_s,r0_peak_alloc,r0_peak_res,r0_alloc,r0_res,r0_inact_peak,r0_retries,r0_cache,r0_cache_entries,r0_ccache,r0_ccache_entries,r0_graph_bytes,r0_graph_pool,r0_graph_ids,r0_graph_entries,r0_captures,r0_heads,r0_resident,r0_mean_prefix,r0_max_prefix,r0_store_tokens,r1_peak_alloc,r1_peak_res,r1_alloc,r1_res,r1_inact_peak,r1_retries,r1_cache,r1_cache_entries,r1_ccache,r1_ccache_entries,r1_graph_bytes,r1_graph_pool,r1_graph_ids,r1_graph_entries,r1_captures,r1_heads,r1_resident,r1_mean_prefix,r1_max_prefix,r1_store_tokens,r2_peak_alloc,r2_peak_res,r2_alloc,r2_res,r2_inact_peak,r2_retries,r2_cache,r2_cache_entries,r2_ccache,r2_ccache_entries,r2_graph_bytes,r2_graph_pool,r2_graph_ids,r2_graph_entries,r2_captures,r2_heads,r2_resident,r2_mean_prefix,r2_max_prefix,r2_store_tokens,r3_peak_alloc,r3_peak_res,r3_alloc,r3_res,r3_inact_peak,r3_retries,r3_cache,r3_cache_entries,r3_ccache,r3_ccache_entries,r3_graph_bytes,r3_graph_pool,r3_graph_ids,r3_graph_entries,r3_captures,r3_heads,r3_resident,r3_mean_prefix,r3_max_prefix,r3_store_tokens,sum_peak_alloc,sum_peak_res,sum_alloc,sum_res,sum_cache,sum_ccache,sum_graph_bytes,sum_graph_pool,sum_heads,sum_captures,sum_resident,sum_store_tokens,sum_mean_prefix,sum_res_minus_alloc_end,sum_peakres_minus_res_end,ranks_trimmed,t_start,smi_n,smi_max,smi_min,smi_mean,smi_end,smi_end_dt,gap_lb,gap_end
845,0,0,1790646597.892026,6.3112410709727556,3.142731128958985,7.508100816980004,3.1599533720873296,533.31298828125,1184.0,358.73876953125,1184.0,0.0,0,190.94912719726562,344,334.74369049072266,600,501.2692232131958,450.0,5,25,30,0.0,4,42.39023662756015,112,23672,535.0224609375,1176.0,352.79052734375,1176.0,0.0,0,191.5121307373047,344,335.5867691040039,600,488.78813457489014,444.0,5,22,29,0.0,4,42.41764411027569,114,23903,505.5498046875,1158.0,324.43359375,1158.0,0.0,0,174.07362365722656,312,317.5878601074219,568,476.0319013595581,442.0,5,21,34,0.0,4,42.32369722327881,112,23645,552.08251953125,1184.0,358.33447265625,1184.0,0.0,0,190.38452911376953,342,334.4615173339844,598,497.37767696380615,446.0,5,23,31,0.0,4,42.60729808955827,114,23948,2125.9677734375,4702.0,1394.29736328125,4702.0,746.9194107055664,1322.3798370361328,1963.4669361114502,1782.0,0.0,124,16,95168,42.434719012668225,3307.70263671875,0.0,0,1790646588.4380536,2,6418.0,3202.0,4810.0,7468.0,1.300020694732666,1716.0,2766.0
846,0,0,1790646606.565455,4.8268826839048415,3.7704961481504142,5.643511079018936,3.7704961481504142,958.966796875,1648.0,578.33544921875,1648.0,0.0,0,387.5162887573242,344,675.655158996582,600,507.1128931045532,438.0,5,19,54,0.0,5,138.65769348424595,229,47619,959.353515625,1646.0,582.66259765625,1642.0,0.0,0,387.5160369873047,344,675.6553268432617,600,511.42336559295654,438.0,5,19,58,0.0,5,138.57059298104073,214,47642,915.57275390625,1612.0,536.14892578125,1612.0,0.0,0,351.51444244384766,312,639.6549072265625,568,502.91367053985596,440.0,5,20,43,0.0,5,138.14785575048734,217,47548,971.564453125,1640.0,579.3935546875,1640.0,0.0,0,385.26595306396484,342,673.4049072265625,598,508.40816020965576,436.0,5,18,59,0.0,5,138.74813741721854,216,47732,3805.45751953125,6546.0,2276.54052734375,6542.0,1511.8127212524414,2664.3703002929688,2029.8580894470215,1752.0,0.0,214,20,190541,138.53106990824816,4265.45947265625,4.0,1,1790646597.892026,2,8544.0,7468.0,8006.0,8544.0,-2.381378173828125,1998.0,2002.0
847,0,0,1790646615.530646,5.3135197821538895,3.609389708843082,5.765634479001164,3.7508571890648454,1664.2880859375,2350.0,975.30126953125,2350.0,0.0,0,739.0241012573242,344,1293.9150085449219,600,508.58070373535156,394.0,5,17,56,0.0,5,233.59434729564865,331,71425,1683.90576171875,2358.0,969.57763671875,2358.0,0.0,0,742.3984298706055,344,1306.2903442382812,600,499.47704696655273,394.0,5,17,56,0.0,5,233.01166359729896,311,71292,1630.45947265625,2280.0,890.916015625,2280.0,0.0,0,669.2710800170898,312,1228.6650924682617,568,495.9495658874512,396.0,5,18,38,0.0,5,233.08798449612402,328,71382,1619.24755859375,2272.0,920.70361328125,2272.0,0.0,0,697.3984298706055,342,1239.9153442382812,598,495.60204696655273,394.0,5,17,52,0.0,5,232.6707730212504,315,71071,6597.90087890625,9260.0,3756.49853515625,9260.0,2848.092041015625,5068.785789489746,1999.6093635559082,1578.0,0.0,202,20,285170,233.09119210258052,5503.50146484375,0.0,0,1790646606.565455,2,11262.0,9282.0,10272.0,11262.0,-1.3273608684539795,2002.0,2002.0
848,0,0,1790646624.8585107,5.031995160970837,4.218843553913757,5.951375002972782,4.218843553913757,1811.2041015625,2464.0,1018.72314453125,2464.0,0.0,0,775.0235137939453,344,1351.2905960083008,600,510.59493255615234,394.0,5,17,54,0.0,6,328.3076211996713,436,95676,1805.7001953125,2436.0,1013.05126953125,2436.0,0.0,0,775.0230102539062,344,1351.2903442382812,600,504.9343605041504,394.0,5,17,59,0.0,6,326.63947582283623,417,95478,1745.76953125,2376.0,926.26318359375,2366.0,0.0,0,703.0233459472656,312,1279.2907638549805,568,492.15332221984863,396.0,5,18,56,0.0,6,327.31820390708526,421,95719,1807.759765625,2452.0,1013.09375,2428.0,0.0,0,770.5232620239258,342,1346.7900085449219,598,487.46717739105225,372.0,5,16,58,0.0,6,326.1301320029103,426,95418,7170.43359375,9728.0,3971.13134765625,9694.0,3023.593132019043,5328.661712646484,1995.1497926712036,1556.0,0.0,227,24,382291,327.0988582331257,5722.86865234375,34.0,2,1790646615.530646,2,11160.0,10966.0,11063.0,10966.0,-0.664445161819458,1432.0,1272.0
849,0,0,1790646633.9194126,5.352037273114547,3.668748813914135,5.440235517919064,3.9158105140086263,1944.572265625,2580.0,1024.73486328125,2542.0,0.0,0,780.2140731811523,345,1359.2670669555664,601,504.3046188354492,396.0,6,18,67,0.0,6,421.4991275787745,522,118725,1900.712890625,2518.0,1014.5673828125,2478.0,0.0,0,775.0241851806641,344,1353.7945861816406,600,506.445032119751,394.0,5,17,54,0.0,6,419.7818421319283,513,119448,1873.2138671875,2484.0,937.30126953125,2444.0,0.0,0,710.025993347168,312,1291.0480728149414,568,496.1817798614502,396.0,5,18,58,0.0,6,422.111423857129,527,119755,1930.0673828125,2558.0,1017.32666015625,2532.0,0.0,0,777.7816619873047,342,1361.051643371582,598,506.4468107223511,394.0,5,17,61,0.0,6,421.3441274468971,541,119688,7648.56640625,10140.0,3993.93017578125,9996.0,3043.045913696289,5365.1613693237305,2013.3782415390015,1580.0,0.0,240,24,477616,421.1841302536822,6002.06982421875,144.0,4,1790646624.8585107,1,11518.0,11518.0,11518.0,12814.0,0.2751474380493164,1378.0,2818.0
850,0,0,1790646644.287889,6.502481605857611,3.792135243071243,6.747569486964494,4.181821199832484,3249.8193359375,4004.0,1780.2890625,3942.0,0.0,0,1516.9780044555664,342,2649.3897857666016,598,482.6488447189331,370.0,7,15,56,0.0,7,507.5112057600649,619,141422,3230.1279296875,3968.0,1784.2353515625,3924.0,0.0,0,1514.2585220336914,346,2639.3577194213867,602,489.30585956573486,370.0,7,15,61,0.0,7,507.53883544303795,603,140145,3123.39501953125,3852.0,1642.0029296875,3780.0,0.0,0,1374.3049926757812,315,2498.700729370117,571,485.0208406448364,368.0,7,14,58,0.0,7,511.856326293354,621,140626,3226.150390625,3978.0,1763.125,3926.0,0.0,0,1491.7591934204102,340,2616.5767211914062,596,492.69072914123535,372.0,7,16,57,0.0,7,511.56117404737387,638,141039,12829.49267578125,15802.0,6969.65234375,15572.0,5897.300712585449,10404.024955749512,1949.6662740707397,1480.0,0.0,232,28,563232,509.6168853859577,8602.34765625,230.0,4,1790646633.9194126,3,17128.0,12814.0,15655.333333333334,17128.0,-0.09015083312988281,1326.0,1556.0
851,0,0,1790646655.4011474,6.87550843693316,4.166493420023471,7.317424932029098,4.166493420023471,3316.40234375,4068.0,1743.5947265625,3910.0,0.0,0,1468.511329650879,339,2552.9688110351562,595,477.2836437225342,362.0,8,21,72,0.0,7,581.941080363525,716,157684,3284.2646484375,4060.0,1770.404296875,3974.0,0.0,0,1488.9807968139648,347,2590.5949478149414,603,489.6105098724365,368.0,8,24,78,0.0,7,586.0738514821229,694,159608,3150.52587890625,3986.0,1579.7587890625,3768.0,0.0,0,1302.400291442871,317,2356.202781677246,573,511.53112602233887,394.0,8,27,75,0.0,7,575.531490015361,714,153342,3300.6689453125,4086.0,1650.61328125,3894.0,0.0,0,1374.4164962768555,335,2428.359275817871,591,478.3712854385376,362.0,8,31,80,0.0,7,576.518389151428,728,153013,13051.86181640625,16200.0,6744.37109375,15546.0,5634.30891418457,9928.125816345215,1956.7965650558472,1486.0,0.0,305,28,623647,580.0162027531092,8801.62890625,654.0,4,1790646644.287889,2,17548.0,17292.0,17420.0,17548.0,-1.1901116371154785,1348.0,2002.0
852,0,0,1790646667.526209,7.6383037329651415,4.403560206061229,7.964431797154248,4.403560206061229,3154.17724609375,3950.0,1644.65234375,3814.0,0.0,0,1365.4635162353516,335,2382.563133239746,591,499.9630489349365,386.0,8,33,81,0.0,8,622.4811669497452,811,168255,3234.91064453125,4054.0,1665.1923828125,3900.0,0.0,0,1396.2767639160156,344,2433.7661666870117,600,473.69365882873535,370.0,8,35,90,0.0,8,650.8446191051995,796,171424,3046.04833984375,3808.0,1511.369140625,3674.0,0.0,0,1247.4171905517578,329,2239.064437866211,585,486.7165689468384,388.0,8,34,99,0.0,8,627.0996157256873,830,164603,3071.2568359375,3914.0,1561.86865234375,3766.0,0.0,0,1300.8109588623047,335,2296.3936080932617,591,479.83846855163574,384.0,8,32,84,0.0,8,624.018685894181,812,165146,12506.39306640625,15726.0,6383.08251953125,15154.0,5309.96842956543,9351.78734588623,1940.211745262146,1528.0,0.0,354,32,669428,631.1110219187033,8770.91748046875,572.0,4,1790646655.4011474,2,17142.0,15692.0,16417.0,15326.0,1.6711785793304443,1416.0,172.0
853,0,0,1790646680.3474793,8.330138959223405,4.448081387905404,8.505645405966789,4.760553671978414,3059.84814453125,3834.0,1511.478515625,3700.0,0.0,0,1246.9821472167969,331,2182.7999267578125,586,490.1652717590332,400.0,9,30,101,0.0,8,664.1308177359624,908,173462,3094.20556640625,3920.0,1593.32275390625,3808.0,0.0,0,1325.8094635009766,348,2309.2994537353516,604,509.1842794418335,416.0,9,28,87,0.0,8,692.7256226681457,886,181858,2870.34033203125,3694.0,1449.720703125,3570.0,0.0,0,1184.4215850830078,332,2117.4280395507812,588,506.9546089172363,416.0,9,28,98,0.0,8,661.9356754082138,934,172797,2939.77001953125,3786.0,1509.90380859375,3688.0,0.0,0,1246.846420288086,332,2206.710823059082,588,496.7371549606323,408.0,9,24,99,0.0,8,669.1034062023385,907,177714,11964.1640625,15234.0,6064.42578125,14766.0,5004.059616088867,8816.238243103027,2003.0413150787354,1640.0,0.0,385,32,705831,671.9738805036651,8701.57421875,468.0,4,1790646667.526209,3,16778.0,15326.0,15820.0,16778.0,-1.1403675079345703,1544.0,2012.0
854,0,0,1790646693.8451343,8.589339880039915,4.820396151160821,8.879064218141139,5.225170229095966,2819.9453125,3720.0,1424.21533203125,3544.0,0.0,0,1166.280876159668,333,2038.1154556274414,589,498.2032537460327,420.0,9,30,104,0.0,9,657.0760530421217,1005,175387,2952.70361328125,3828.0,1488.830078125,3640.0,0.0,0,1228.5512466430664,338,2156.6349029541016,594,490.55736351013184,410.0,9,25,109,0.0,9,723.0723047771019,987,189397,2743.5615234375,3590.0,1387.73876953125,3416.0,0.0,0,1124.0884094238281,332,1996.3447799682617,587,511.91195583343506,428.0,9,24,107,0.0,9,680.1469604564234,1015,175950,2847.3798828125,3688.0,1388.3193359375,3564.0,0.0,0,1118.364974975586,330,1989.776756286621,583,506.2348527908325,416.0,9,18,101,0.0,9,695.8669386942676,1006,176607,11363.59033203125,14826.0,5689.103515625,14164.0,4637.285507202148,8180.871894836426,2006.9074258804321,1674.0,0.0,421,36,717341,689.0405642424786,8474.896484375,662.0,4,1790646680.3474793,2,16156.0,14620.0,15388.0,14374.0,0.36426687240600586,1330.0,210.0
855,0,0,1790646708.7655964,9.947211296996102,4.927525151055306,10.225719924084842,5.175517905969173,3570.98486328125,4384.0,1798.47705078125,4262.0,0.0,0,1527.6503677368164,336,2653.2576293945312,592,507.98223876953125,426.0,10,23,85,0.0,9,669.7963889706604,1088,175339,3660.439453125,4548.0,1831.37548828125,4344.0,0.0,0,1552.1024932861328,342,2707.382049560547,598,496.43180656433105,406.0,10,23,93,0.0,9,720.7735792322342,1077,180478,3649.78662109375,4474.0,1780.80029296875,4352.0,0.0,0,1512.8027801513672,331,2733.6134185791016,587,509.1429853439331,430.0,10,25,89,0.0,9,699.7019561584586,1115,178861,3482.98779296875,4256.0,1735.2421875,4222.0,0.0,0,1454.6851501464844,338,2597.307197570801,593,497.7035322189331,406.0,10,23,99,0.0,9,701.8924972004479,1097,174503,14364.19873046875,17662.0,7145.89501953125,17180.0,6047.240791320801,10691.56029510498,2011.2605628967285,1668.0,0.0,366,36,709181,698.0411053904502,10034.10498046875,482.0,4,1790646693.8451343,3,19152.0,14374.0,16354.666666666666,18466.0,0.43323659896850586,1490.0,1286.0
856,0,0,1790646725.9646049,11.050192331895232,5.917410209076479,11.698508169036359,6.335095133865252,4274.763671875,5210.0,2001.28515625,4870.0,0.0,0,1717.2668991088867,326,3053.390037536621,582,507.76579093933105,418.0,10,29,99,0.0,10,680.0877721617418,1177,172597,4342.1328125,5230.0,2184.294921875,5036.0,0.0,0,1901.2050704956055,342,3310.452033996582,598,500.87262630462646,412.0,10,16,126,0.0,10,702.4281709880869,1180,179542,4247.43798828125,5080.0,2107.1748046875,4854.0,0.0,0,1824.437240600586,341,3236.7785415649414,596,508.4868059158325,420.0,10,20,100,0.0,10,704.3142544296237,1228,183156,4024.9931640625,4892.0,1989.05517578125,4684.0,0.0,0,1691.110481262207,341,2989.686325073242,597,499.70461654663086,396.0,10,18,116,0.0,10,683.0288775510204,1186,168335,16889.32763671875,20412.0,8281.81005859375,19444.0,7134.019691467285,12590.306938171387,2016.829839706421,1646.0,0.0,441,40,703630,692.4647687826182,11162.18994140625,968.0,4,1790646708.7655964,4,21456.0,18466.0,20028.5,21456.0,-1.7562973499298096,1044.0,2012.0
857,0,0,1790646743.7545335,12.054882331984118,5.6821767021901906,12.218909762101248,6.077515203040093,4119.5888671875,4888.0,1912.20751953125,4594.0,0.0,0,1616.4436721801758,325,2881.9723892211914,581,492.4053726196289,400.0,11,20,135,0.0,10,680.0874915873474,1286,175046,4268.1865234375,5090.0,1886.2529296875,4668.0,0.0,0,1584.0865020751953,339,2780.849510192871,595,510.7955074310303,412.0,11,26,146,0.0,10,683.6936106983655,1272,167589,4166.68798828125,4956.0,1928.60693359375,4640.0,0.0,0,1625.755989074707,337,2919.550750732422,593,507.4715299606323,408.0,11,24,121,0.0,10,712.7631111987382,1316,179883,3991.13720703125,4716.0,1815.6572265625,4440.0,0.0,0,1508.2740097045898,338,2703.911262512207,594,510.00993156433105,406.0,11,23,136,0.0,10,669.6144603273254,1275,166774,16545.6005859375,19650.0,7542.724609375,18342.0,6334.560173034668,11286.283912658691,2020.6823415756226,1626.0,0.0,538,40,689292,686.5396684529442,10799.275390625,1308.0,4,1790646725.9646049,3,20254.0,19138.0,19596.666666666668,19018.0,0.44507765769958496,604.0,676.0
858,0,0,1790646762.2177255,12.067669786978513,6.299727234989405,12.46039572916925,6.402706953929737,3914.22509765625,4788.0,1741.15576171875,4380.0,0.0,0,1432.8963088989258,319,2553.4406509399414,575,507.48321533203125,408.0,11,24,136,0.0,11,676.3695964727308,1370,166574,3839.78857421875,4668.0,1766.13134765625,4314.0,0.0,0,1470.6962509155273,343,2560.162887573242,599,510.6729507446289,424.0,11,22,142,0.0,11,654.3864406779661,1369,160637,3937.06005859375,4812.0,1741.02783203125,4402.0,0.0,0,1440.997787475586,334,2564.07413482666,589,507.25096797943115,416.0,11,28,141,0.0,11,683.5430607800436,1421,166055,3740.10791015625,4568.0,1669.2900390625,4190.0,0.0,0,1367.3379669189453,340,2407.585517883301,596,489.18860912323,396.0,11,18,152,0.0,11,652.165757232575,1380,155103,15431.181640625,18836.0,6917.60498046875,17286.0,5711.928314208984,10085.263191223145,2014.5957431793213,1644.0,0.0,571,44,648369,666.6162137908289,10368.39501953125,1550.0,4,1790646743.7545335,4,19278.0,17152.0,18259.5,17240.0,1.9818308353424072,442.0,-46.0
859,0,0,1790646781.5773935,12.633250948041677,6.656942965928465,12.886187072144821,7.036844200920314,3610.54052734375,4380.0,1617.2392578125,4186.0,0.0,0,1302.1235122680664,311,2357.839645385742,567,511.2165803909302,414.0,12,27,164,0.0,11,645.8471435429668,1468,163325,3550.70654296875,4368.0,1659.75244140625,4184.0,0.0,0,1348.2572860717773,348,2334.9267959594727,604,499.6046953201294,406.0,12,23,165,0.0,11,612.4571053693985,1477,154808,3555.28955078125,4402.0,1659.24609375,4220.0,0.0,0,1356.4053497314453,338,2390.7462310791016,594,492.94129371643066,408.0,12,24,167,0.0,11,634.3873041382082,1518,162797,3368.068359375,4190.0,1463.32080078125,3950.0,0.0,0,1157.702392578125,344,2064.355354309082,600,497.7104387283325,410.0,12,25,160,0.0,11,594.3954831391152,1480,142148,14084.60498046875,17340.0,6399.55859375,16540.0,5164.488540649414,9147.868026733398,2001.4730081558228,1638.0,0.0,656,44,623078,621.7717590474222,10140.44140625,800.0,4,1790646762.2177255,4,18552.0,16256.0,17530.0,18552.0,-2.3654489517211914,1212.0,2012.0
860,0,0,1790646801.4250216,12.820038674166426,6.93825245089829,13.141327281016856,7.164131914963946,3371.43310546875,4240.0,1446.8935546875,3944.0,0.0,0,1132.9741821289062,318,2028.5188598632812,574,490.6245050430298,400.0,12,20,167,0.0,12,594.3473472514844,1573,144613,3289.8408203125,4184.0,1571.48046875,4008.0,0.0,0,1266.286849975586,349,2191.080436706543,605,499.9093494415283,418.0,12,19,169,0.0,12,586.8667136812412,1565,151170,3430.111328125,4308.0,1456.34716796875,4076.0,0.0,0,1140.7850341796875,333,2037.7364654541016,589,506.2471990585327,414.0,12,27,175,0.0,12,607.117072197846,1566,145512,3023.35302734375,3950.0,1442.42236328125,3848.0,0.0,0,1134.8884963989258,342,1992.0417098999023,598,510.2417631149292,426.0,12,23,158,0.0,12,566.3644412040412,1572,138533,13114.73828125,16682.0,5917.1435546875,15876.0,4674.9345626831055,8249.377471923828,2007.02281665802,1658.0,0.0,669,48,579828,588.6738935836532,9958.8564453125,806.0,4,1790646781.5773935,4,17888.0,15386.0,16834.5,17888.0,-2.2327957153320312,1206.0,2012.0
861,0,0,1790646821.3935454,12.82259811181575,7.086539875017479,13.142043527914211,7.729741419898346,3104.75390625,3986.0,1341.1015625,3776.0,0.0,0,1017.4440765380859,328,1826.6443328857422,584,509.22107696533203,418.0,13,29,176,0.0,12,548.7996427508187,1624,132654,3215.23388671875,4122.0,1593.14599609375,4122.0,0.0,0,1272.0621032714844,352,2171.402313232422,607,490.6652421951294,402.0,13,21,183,0.0,12,559.2016245116183,1664,144912,3130.01611328125,4076.0,1470.412109375,3958.0,0.0,0,1161.859275817871,336,2065.700325012207,592,506.12621307373047,430.0,13,25,167,0.0,12,591.5760521042084,1652,149870,2999.93994140625,3878.0,1471.8193359375,3878.0,0.0,0,1159.8291778564453,345,2027.8103485107422,601,505.5748414993286,426.0,13,23,154,0.0,12,554.0247016956249,1656,143363,12449.94384765625,16062.0,5876.47900390625,15734.0,4611.194633483887,8091.557319641113,2011.5873737335205,1676.0,0.0,680,48,570799,563.4005052655676,9857.52099609375,328.0,2,1790646801.4250216,4,17726.0,14372.0,16327.0,17726.0,-2.19266676902771,1664.0,1992.0
862,0,0,1790646841.7266717,12.879621789092198,7.377484216820449,13.384745775023475,7.772751300828531,2955.658203125,3850.0,1403.521484375,3850.0,0.0,0,1095.9621276855469,331,1969.569221496582,587,489.75331115722656,420.0,13,20,168,0.0,13,550.7445005045408,1713,143295,3159.7177734375,4122.0,1461.3408203125,3980.0,0.0,0,1139.3343963623047,348,1960.768440246582,604,510.17647075653076,426.0,13,23,176,0.0,13,542.334598861025,1749,133845,3182.9716796875,4084.0,1537.4716796875,4084.0,0.0,0,1222.0200500488281,340,2148.220977783203,596,511.6210517883301,434.0,13,27,166,0.0,13,602.79872776066,1734,156089,3140.27587890625,4106.0,1551.775390625,4106.0,0.0,0,1224.3574981689453,338,2163.775833129883,594,511.6005811691284,422.0,13,21,135,0.0,13,575.1276353865234,1737,152126,12438.62353515625,16162.0,5954.109375,16020.0,4681.674072265625,8242.33447265625,2023.1514148712158,1702.0,0.0,645,52,585355,567.7513656281873,10065.890625,142.0,1,1790646821.3935454,4,18012.0,14912.0,16450.0,15886.0,2.4664695262908936,1850.0,-134.0
863,0,0,1790646861.0271337,12.455030778888613,6.777527841972187,12.71717288903892,7.047163676004857,3058.4794921875,3968.0,1428.12451171875,3968.0,0.0,0,1099.9922561645508,330,1970.6454696655273,586,509.1869716644287,428.0,14,24,145,0.0,13,579.1859893888779,1797,142188,3059.90966796875,4014.0,1486.294921875,4014.0,0.0,0,1157.8591003417969,352,1996.5921173095703,608,497.5080900192261,416.0,14,18,154,0.0,13,521.3066532258065,1840,136361,3279.3505859375,4284.0,1639.9130859375,4284.0,0.0,0,1317.0368194580078,346,2308.0656204223633,602,505.9262628555298,430.0,14,25,155,0.0,13,614.9160543532964,1818,159629,3269.47509765625,4274.0,1623.130859375,4274.0,0.0,0,1295.9124221801758,338,2256.9874267578125,594,502.28236293792725,422.0,14,21,135,0.0,13,609.3356657963446,1810,154819,12667.21484375,16540.0,6177.46337890625,16540.0,4870.800598144531,8532.290634155273,2014.9036874771118,1696.0,0.0,589,52,592997,581.1860906910814,10362.53662109375,0.0,0,1790646841.7266717,4,18552.0,15886.0,17394.0,18552.0,-1.8346340656280518,2012.0,2012.0
864,0,0,1790646880.6777825,12.669077198021114,6.788278938969597,12.86173765314743,7.2573333501350135,3110.04248046875,4074.0,1427.5859375,4074.0,0.0,0,1101.2552642822266,321,2017.3312759399414,577,511.99699878692627,438.0,14,19,156,0.0,14,573.3194802618528,1887,144190,3149.17041015625,4186.0,1573.74462890625,4186.0,0.0,0,1248.7353439331055,347,2168.466766357422,603,510.06849575042725,432.0,13,26,141,0.0,13,548.9529058116233,1890,144379,3393.7451171875,4440.0,1704.0634765625,4440.0,0.0,0,1369.7947463989258,344,2381.6358795166016,600,505.9211721420288,424.0,14,22,177,0.0,14,635.7611274460104,1897,161279,3313.7373046875,4358.0,1647.97900390625,4358.0,0.0,0,1314.833755493164,337,2298.1265869140625,593,488.799521446228,408.0,14,24,138,0.0,14,608.4221089850249,1901,154770,12966.6953125,17058.0,6353.373046875,17058.0,5034.619110107422,8865.560508728027,2016.7861881256104,1702.0,0.0,612,55,604618,591.6139056261278,10704.626953125,0.0,0,1790646861.0271337,4,19070.0,15030.0,17108.5,19070.0,-1.4853150844573975,2012.0,2012.0
865,0,0,1790646899.9814978,12.569827511906624,6.683015082962811,12.751359035028145,7.186986159067601,3149.87451171875,4182.0,1529.84912109375,4182.0,0.0,0,1180.5087814331055,328,2125.693244934082,584,493.87450885772705,406.0,15,23,160,0.0,14,573.6409898223908,1989,148761,3296.083984375,4380.0,1627.46533203125,4380.0,0.0,0,1283.1473693847656,344,2232.410125732422,599,488.2333564758301,400.0,14,30,140,0.0,13,581.3553135712846,2003,151125,3366.12890625,4440.0,1645.2021484375,4378.0,0.0,0,1294.1552200317383,336,2272.106903076172,592,511.577841758728,422.0,15,21,165,0.0,14,619.2657342657343,1997,157196,3314.03125,4418.0,1641.5927734375,4418.0,0.0,0,1295.5743713378906,331,2274.9305419921875,587,511.952841758728,422.0,14,21,130,0.0,13,592.3542798564838,1981,154378,13126.11865234375,17420.0,6444.109375,17358.0,5053.3857421875,8905.140815734863,2005.6385488510132,1650.0,0.0,595,54,611460,591.6540793789734,10913.890625,62.0,1,1790646880.6777825,4,19370.0,15716.0,17722.0,19370.0,-0.7692470550537109,1950.0,2012.0
866,0,0,1790646920.0263073,12.728273598011583,7.234205371933058,13.69724646792747,7.234205371933058,3685.29150390625,4444.0,1564.2822265625,4356.0,0.0,0,1226.5528945922852,329,2182.143440246582,585,481.6765823364258,400.0,13,20,148,0.0,13,583.7810101010101,2049,147427,4048.2080078125,4834.0,1752.63134765625,4594.0,0.0,0,1407.3416213989258,348,2449.166877746582,604,501.2183961868286,412.0,13,26,133,0.0,13,613.7462807408157,2060,159468,4080.7666015625,4842.0,1645.11181640625,4450.0,0.0,0,1300.238914489746,331,2325.048797607422,586,490.00065994262695,412.0,15,26,156,0.0,15,621.3101328574261,2083,158133,4036.00537109375,4830.0,1727.5400390625,4590.0,0.0,0,1380.3778381347656,336,2405.296760559082,592,501.09699058532715,410.0,13,25,135,0.0,13,605.9615822719271,2071,157781,15850.271484375,18950.0,6689.5654296875,17990.0,5314.511268615723,9361.655876159668,1973.9926290512085,1634.0,0.0,572,54,622809,606.1997514927947,11300.4345703125,960.0,4,1790646899.9814978,4,20002.0,15754.0,18031.5,20002.0,-0.8313143253326416,1052.0,2012.0
867,0,0,1790646941.6919694,12.82262037601322,8.79878679686226,15.332156639080495,8.79878679686226,3271.25146484375,4376.0,1594.8916015625,4098.0,0.0,0,1244.3338623046875,328,2227.769920349121,584,507.37255573272705,422.0,14,21,139,0.0,13,588.2732593340061,1750,153718,4196.23095703125,5012.0,1669.3056640625,4522.0,0.0,0,1322.8259811401367,344,2337.901824951172,600,496.68934440612793,410.0,13,25,137,0.0,12,621.3753021756648,2090,158307,4150.48681640625,4946.0,1656.69970703125,4520.0,0.0,0,1309.1781387329102,343,2305.1595611572266,599,510.3226432800293,428.0,14,24,161,0.0,13,617.3641144937798,2173,154748,4117.3115234375,4918.0,1693.61767578125,4516.0,0.0,0,1340.4904479980469,329,2351.3472900390625,585,499.3369092941284,406.0,13,23,132,0.0,12,612.2882499481004,2127,159997,15735.28076171875,19252.0,6614.5146484375,17656.0,5216.828430175781,9222.178596496582,2013.7214527130127,1666.0,0.0,569,50,626770,609.8252314878878,11041.4853515625,1596.0,4,1790646920.0263073,4,19668.0,17888.0,18428.5,19668.0,-2.4872078895568848,416.0,2012.0
868,0,0,1790646962.2519426,12.894241004949436,7.5845596010331064,14.312817046884447,7.5845596010331064,3364.20068359375,4374.0,1684.58837890625,4374.0,0.0,0,1331.6787490844727,335,2337.051887512207,591,507.1103801727295,414.0,12,27,141,0.0,12,618.1862606232295,1765,158673,3394.79541015625,4522.0,1709.43359375,4318.0,0.0,0,1360.790756225586,347,2398.6471786499023,603,511.45538902282715,428.0,13,24,149,0.0,13,628.211627439147,1656,160571,4063.4638671875,4870.0,1635.30517578125,4542.0,0.0,0,1288.2160873413086,342,2309.511604309082,597,488.4812288284302,412.0,14,26,152,0.0,14,629.7974358974359,2258,160505,3510.1318359375,4536.0,1701.47119140625,4352.0,0.0,0,1345.297950744629,327,2379.2161178588867,583,504.9761047363281,414.0,13,27,173,0.0,13,633.2931105610561,1663,165468,14332.591796875,18302.0,6730.79833984375,17586.0,5325.983543395996,9424.426788330078,2012.023102760315,1668.0,0.0,615,52,645217,627.3721086302171,10855.20166015625,716.0,3,1790646941.6919694,4,19278.0,17300.0,18200.5,15910.0,1.9632203578948975,976.0,-1676.0
869,0,0,1790646982.3352406,12.639195149065927,7.386683935998008,13.871956717921421,7.386683935998008,3474.70361328125,4374.0,1697.2626953125,4364.0,0.0,0,1336.6050186157227,337,2344.3689498901367,593,511.7361488342285,420.0,13,30,143,0.0,12,624.975754527163,1733,161434,3517.771484375,4374.0,1749.6708984375,4374.0,0.0,0,1390.8611373901367,349,2422.3903579711914,605,510.50090503692627,426.0,14,23,140,0.0,13,635.4346,1734,162992,4190.43701171875,5026.0,1729.0234375,4788.0,0.0,0,1367.240463256836,344,2426.190887451172,600,509.4652919769287,422.0,14,21,161,0.0,13,650.1034801355097,2346,163090,3448.03515625,4372.0,1655.9677734375,4338.0,0.0,0,1292.5083847045898,325,2313.348678588867,580,507.15502738952637,418.0,14,19,164,0.0,13,639.3475479744136,1694,162592,14630.947265625,18146.0,6831.9248046875,17864.0,5387.215003967285,9506.298873901367,2038.8573732376099,1686.0,0.0,608,51,650108,637.4653456592716,11032.0751953125,282.0,3,1790646962.2519426,4,19836.0,15910.0,17234.0,17950.0,1.8740200996398926,1690.0,86.0
870,0,0,1790647003.2181318,13.261365624843165,7.543635236099362,14.396336529171094,7.6056906981393695,3538.80810546875,4384.0,1745.78662109375,4350.0,0.0,0,1378.981101989746,342,2438.212776184082,597,508.50135803222656,416.0,13,18,156,0.0,13,639.8184687436367,1675,165326,3546.95849609375,4478.0,1768.3232421875,4468.0,0.0,0,1397.0996856689453,351,2397.690399169922,607,510.29711151123047,408.0,12,24,153,0.0,12,632.9618492380075,1771,156383,4175.46533203125,5048.0,1737.43359375,4796.0,0.0,0,1382.6734313964844,347,2423.9350967407227,603,511.02649974823,436.0,14,28,154,0.0,14,644.7379785125692,2448,161242,3431.03076171875,4376.0,1686.87841796875,4376.0,0.0,0,1317.844856262207,321,2350.357864379883,577,508.69955921173096,414.0,13,27,165,0.0,13,612.6854284559417,1716,157782,14692.2626953125,18286.0,6938.421875,17990.0,5476.599075317383,9610.19613647461,2038.524528503418,1674.0,0.0,628,52,640733,632.5509312375387,11051.578125,296.0,3,1790646982.3352406,4,19982.0,16946.0,18258.0,15936.0,0.9979851245880127,1696.0,-2054.0
871,0,0,1790647024.185561,13.419910991098732,7.484205587999895,14.420274805976078,7.610110220033675,3480.876953125,4408.0,1691.0107421875,4372.0,0.0,0,1324.3189086914062,349,2304.6591186523438,604,492.66151428222656,404.0,13,22,160,0.0,12,622.1331493970979,1766,154022,3532.36474609375,4468.0,1695.7529296875,4332.0,0.0,0,1333.0065078735352,346,2297.035057067871,602,510.7002239227295,426.0,13,23,161,0.0,12,603.1161867941805,1604,152967,4069.2529296875,4908.0,1678.904296875,4772.0,0.0,0,1317.898078918457,341,2325.5517959594727,596,510.1534900665283,438.0,15,29,160,0.0,14,629.0891621035231,2535,156356,3455.19580078125,4396.0,1695.23193359375,4350.0,0.0,0,1317.2299499511719,317,2375.8986206054688,573,496.56539154052734,402.0,14,21,182,0.0,13,624.0698349174587,1698,161009,14537.6904296875,18180.0,6760.89990234375,17826.0,5292.45344543457,9303.144592285156,2010.0806198120117,1670.0,0.0,663,51,624354,619.602083303065,11065.10009765625,354.0,4,1790647003.2181318,4,19798.0,15936.0,17313.0,17854.0,0.021538496017456055,1618.0,28.0
872,0,0,1790647044.8503463,13.096984432078898,7.480253845918924,14.039071772946045,7.818003820953891,3404.0966796875,4372.0,1707.20947265625,4330.0,0.0,0,1342.2872695922852,353,2309.8311920166016,609,497.4942436218262,416.0,13,18,157,0.0,13,595.9140285536934,1715,150280,3383.19287109375,4394.0,1680.373046875,4278.0,0.0,0,1313.7017440795898,343,2295.731300354004,599,493.2227554321289,410.0,13,25,142,0.0,13,583.8359375,1694,150945,4100.6572265625,4932.0,1736.998046875,4496.0,0.0,0,1373.740478515625,346,2384.206024169922,602,511.01495933532715,442.0,15,21,149,0.0,15,608.2811528094547,2621,157368,3523.47265625,4454.0,1649.06640625,4418.0,0.0,0,1273.7419509887695,319,2304.4278411865234,574,501.88357639312744,410.0,13,25,170,0.0,13,619.5595567867036,1784,156818,14411.41943359375,18152.0,6773.64697265625,17522.0,5303.4714431762695,9294.19635772705,2003.6155347824097,1678.0,0.0,618,54,615411,601.8976689124629,10748.35302734375,630.0,4,1790647024.185561,5,19514.0,15490.0,17544.4,15490.0,-0.6321725845336914,1362.0,-2032.0
873,0,0,1790647066.5171702,13.764339596964419,7.852046943036839,14.724526526872069,8.438034184044227,3387.63232421875,4354.0,1689.2734375,4354.0,0.0,0,1323.098876953125,351,2275.7360458374023,607,499.61561584472656,426.0,14,23,170,0.0,13,583.4397302904564,1801,149399,3510.5400390625,4482.0,1723.24755859375,4482.0,0.0,0,1336.7254104614258,341,2341.6760025024414,597,497.9555969238281,404.0,14,22,166,0.0,13,599.8272011167614,1792,154980,4096.677734375,4966.0,1699.65380859375,4906.0,0.0,0,1327.5479278564453,338,2307.3576431274414,594,500.14330863952637,426.0,15,23,169,0.0,14,608.871722182849,2705,154809,3466.20751953125,4438.0,1565.99609375,4310.0,0.0,0,1191.709213256836,320,2124.2375106811523,574,485.72439670562744,404.0,14,22,172,0.0,13,577.1936028608325,1850,149221,14461.0576171875,18240.0,6678.1708984375,18052.0,5179.081428527832,9049.007202148438,1983.4389181137085,1660.0,0.0,677,53,608409,592.3330641127247,11373.8291015625,188.0,2,1790647044.8503463,4,20064.0,16034.0,18532.0,20064.0,-2.316807508468628,1824.0,2012.0
874,0,0,1790647087.1586783,13.4922553319484,7.058024001074955,13.755581204080954,7.19845712906681,3383.8701171875,4374.0,1666.986328125,4366.0,0.0,0,1281.1155624389648,355,2224.0493545532227,611,509.3029375076294,416.0,13,18,179,0.0,13,594.1753165870874,1844,150254,3458.13671875,4482.0,1671.13525390625,4370.0,0.0,0,1282.6243896484375,343,2211.2159423828125,599,504.5273017883301,414.0,14,27,163,0.0,14,580.187002388535,1793,144675,4199.193359375,5062.0,1659.95166015625,4780.0,0.0,0,1284.288688659668,328,2241.145782470703,584,511.68951892852783,434.0,14,27,164,0.0,14,582.3888888888889,2729,151934,3170.48193359375,4330.0,1541.7490234375,4194.0,0.0,0,1160.4308776855469,323,2079.319808959961,579,511.3432216644287,428.0,14,24,161,0.0,14,565.7042365314019,1870,147346,14211.68212890625,18248.0,6539.822265625,17710.0,5008.459518432617,8755.7308883667,2036.862979888916,1692.0,0.0,667,55,594209,580.6138610989783,11170.177734375,538.0,4,1790647066.5171702,4,19722.0,16332.0,17500.0,16230.0,2.0430028438568115,1474.0,-1480.0
875,0,0,1790647108.3242066,13.544581004884094,7.553871090058237,14.419532150961459,7.768508884124458,3348.48046875,4438.0,1694.7724609375,4438.0,0.0,0,1309.4130935668945,355,2261.769012451172,611,507.66901111602783,424.0,14,22,172,0.0,13,585.7483259503451,1905,148383,3383.40576171875,4390.0,1642.251953125,4322.0,0.0,0,1259.3001327514648,340,2164.547264099121,596,503.86303520202637,428.0,15,24,177,0.0,14,565.6146844053216,1872,142854,3991.76416015625,4852.0,1597.19580078125,4498.0,0.0,0,1212.3814086914062,325,2165.441375732422,581,500.5124788284302,412.0,13,26,165,0.0,12,577.8664352999505,2198,149398,3227.13427734375,4274.0,1565.9306640625,4274.0,0.0,0,1177.155891418457,326,2115.0285263061523,582,511.6772766113281,430.0,15,25,169,0.0,14,584.7154471544716,1855,149515,13950.78466796875,17954.0,6500.15087890625,17532.0,4958.250526428223,8706.786178588867,2023.7218017578125,1694.0,0.0,683,53,590150,578.4862232025221,11031.84912109375,422.0,2,1790647087.1586783,4,19524.0,16230.0,17212.5,17720.0,0.8861138820648193,1570.0,188.0
876,0,0,1790647128.1755066,12.979103756137192,6.790348008973524,13.412191207055002,7.53070061490871,3416.6240234375,4492.0,1750.2666015625,4492.0,0.0,0,1364.8731231689453,356,2351.5421295166016,612,492.29711532592773,414.0,14,27,157,0.0,14,571.5686793605539,1851,150114,3366.4892578125,4408.0,1666.6923828125,4408.0,0.0,0,1276.110481262207,338,2209.2016983032227,594,511.4838466644287,428.0,14,24,181,0.0,14,556.5638244451139,1966,146847,3409.17822265625,4518.0,1701.56787109375,4416.0,0.0,0,1306.7101516723633,327,2323.471565246582,583,491.1664638519287,398.0,13,19,158,0.0,13,591.8341566690191,1756,158227,3256.93310546875,4316.0,1579.92626953125,4316.0,0.0,0,1189.3760223388672,333,2124.436408996582,589,508.0473232269287,430.0,15,25,162,0.0,15,569.4012828222088,1948,145506,13449.224609375,17734.0,6698.453125,17632.0,5137.069778442383,9008.651802062988,2002.9947490692139,1670.0,0.0,658,56,600694,572.341985824224,10933.546875,102.0,1,1790647108.3242066,4,19624.0,15730.0,17459.5,16448.0,1.0264904499053955,1890.0,-1184.0
877,0,0,1790647147.8548012,13.033895128173754,6.593252004822716,13.277593589853495,7.347370062954724,3503.09375,4640.0,1794.17626953125,4640.0,0.0,0,1397.8595886230469,356,2412.0913467407227,612,508.105920791626,428.0,15,24,165,0.0,14,600.4717709179529,1946,157201,3360.58154296875,4474.0,1661.7548828125,4474.0,0.0,0,1265.4833908081055,334,2192.2462310791016,590,511.454794883728,426.0,14,23,166,0.0,13,557.5662844498089,2043,144345,3566.1142578125,4554.0,1643.97607421875,4516.0,0.0,0,1253.7566604614258,330,2243.3789596557617,585,505.3930597305298,426.0,14,23,160,0.0,13,624.4778584933824,1804,154530,3282.43017578125,4376.0,1555.1796875,4376.0,0.0,0,1152.4072341918945,337,2041.9036102294922,592,506.55907917022705,420.0,15,20,158,0.0,14,562.7850420504606,2043,141968,13712.2197265625,18044.0,6655.0869140625,18006.0,5069.506874084473,8889.620147705078,2031.5128545761108,1700.0,0.0,649,54,598044,586.3252389779012,11350.9130859375,38.0,1,1790647128.1755066,4,20018.0,16448.0,17662.0,16884.0,1.347346305847168,1974.0,-1122.0
878,0,0,1790647168.8950415,12.972104243002832,7.981675873044878,14.52661086898297,8.7038383258041,3492.38671875,4640.0,1770.17822265625,4582.0,0.0,0,1364.5037841796875,354,2352.157501220703,610,510.0616264343262,426.0,15,23,153,0.0,15,599.9869996929061,1955,155496,3362.13037109375,4474.0,1738.1328125,4366.0,0.0,0,1337.3371276855469,335,2296.1628036499023,591,494.57463359832764,410.0,14,25,159,0.0,14,564.156737305078,1768,152121,3479.21875,4536.0,1756.16357421875,4536.0,0.0,0,1350.7824401855469,333,2356.0149536132812,589,511.13601207733154,422.0,14,31,148,0.0,14,606.4830358893901,1874,155706,3890.8212890625,4770.0,1516.4033203125,4236.0,0.0,0,1120.6564636230469,340,1998.2325592041016,596,511.5206069946289,432.0,14,26,158,0.0,14,553.065270188221,2137,136968,14224.55712890625,18420.0,6780.8779296875,17720.0,5173.279815673828,9002.567817687988,2027.2928791046143,1690.0,0.0,618,57,600291,580.9230107688987,10939.1220703125,700.0,3,1790647147.8548012,4,19732.0,15930.0,17761.0,17056.0,0.317840576171875,1312.0,-664.0
879,0,0,1790647189.4217682,13.078985125059262,7.3928492069244385,14.074466589139774,8.156036740867421,3491.84765625,4582.0,1770.19970703125,4510.0,0.0,0,1365.4304885864258,355,2334.8030395507812,611,507.434045791626,428.0,15,24,160,0.0,14,611.3432316199059,1913,156500,3421.57568359375,4506.0,1738.849609375,4506.0,0.0,0,1336.888328552246,328,2309.9162063598633,584,494.61156845092773,418.0,15,29,148,0.0,14,575.7854574510587,1835,155949,3508.94287109375,4590.0,1653.1904296875,4590.0,0.0,0,1257.8576354980469,335,2213.4495239257812,591,510.78068447113037,430.0,13,25,144,0.0,12,602.033073541167,1966,152329,3873.642578125,4722.0,1571.65673828125,4420.0,0.0,0,1171.0994033813477,340,2092.6904525756836,596,508.6233243942261,428.0,14,24,149,0.0,13,556.1819007263922,2205,143651,14296.0087890625,18400.0,6733.896484375,18026.0,5131.275856018066,8950.85922241211,2021.4496231079102,1704.0,0.0,601,53,608429,586.3359158346309,11292.103515625,374.0,2,1790647168.8950415,5,20458.0,16632.0,18441.2,20458.0,-0.2192988395690918,2058.0,2432.0
880,1,0,1790647204.978398,8.783824095036834,6.690278565976769,9.007176283979788,7.2696140659973025,3365.5869140625,4570.0,1678.77685546875,4570.0,0.0,0,1307.4573287963867,353,2237.7359619140625,609,60.637431144714355,42.0,1,1,0,32.82818603515625,13,579.6149710504549,1921,151518,3445.40283203125,4540.0,1676.8359375,4540.0,0.0,0,1304.8802642822266,324,2287.3306884765625,579,61.271324157714844,42.0,1,1,0,32.82818603515625,13,613.447032834622,1789,156220,3996.10693359375,4930.0,1634.05078125,4930.0,0.0,0,1276.7389450073242,339,2230.7828674316406,595,32.028438568115234,22.0,1,1,0,32.82818603515625,12,589.0792069343429,2059,150783,3910.61083984375,4900.0,1560.7080078125,4900.0,0.0,0,1188.497787475586,336,2103.0254974365234,592,61.52488136291504,42.0,1,1,0,32.82818603515625,13,576.5688514732411,2288,146093,14717.70751953125,18940.0,6550.37158203125,18940.0,5077.574325561523,8858.875015258789,215.46207523345947,148.0,131.312744140625,0,51,604614,589.6775155731652,12389.62841796875,0.0,0,1790647189.4217682,3,20952.0,20528.0,20810.666666666668,20952.0,-0.7736291885375977,2012.0,2012.0
881,1,0,1790647219.4549248,8.20969470916316,6.220724717946723,8.282001389889047,6.708730924874544,3421.99951171875,4606.0,1729.5283203125,4606.0,0.0,0,1358.2089614868164,354,2324.4880981445312,610,60.637431144714355,42.0,1,1,0,32.82818603515625,13,594.06449297652,2014,153811,3421.73583984375,4540.0,1616.4521484375,4540.0,0.0,0,1244.4969329833984,334,2226.244903564453,590,61.271324157714844,42.0,1,1,0,32.82818603515625,13,612.5317826348506,1874,155299,3420.45556640625,4930.0,1654.0361328125,4930.0,0.0,0,1296.7250061035156,341,2261.3159713745117,597,32.028438568115234,22.0,1,1,0,32.82818603515625,12,590.3983176645226,1640,152240,3248.8076171875,4914.0,1588.9697265625,4914.0,0.0,0,1216.7591171264648,350,2129.0371627807617,606,61.52488136291504,42.0,1,1,0,32.82818603515625,13,572.7304691458102,1781,141804,13512.99853515625,18990.0,6588.986328125,18990.0,5116.190017700195,8941.086135864258,215.46207523345947,148.0,131.312744140625,0,51,603154,592.4312656054259,12401.013671875,0.0,0,1790647204.978398,3,21002.0,20964.0,20989.333333333332,21002.0,-0.2386767864227295,2012.0,2012.0
882,1,0,1790647234.7414541,8.972160157980397,6.237919901963323,8.972160157980397,7.060078653041273,4153.578125,5022.0,1769.48876953125,5022.0,0.0,0,1392.7660064697266,351,2407.732391357422,607,60.637431144714355,42.0,1,1,0,32.82818603515625,14,604.6748548922056,2093,157744,3447.5341796875,4580.0,1695.263671875,4580.0,0.0,0,1317.904541015625,337,2334.666877746582,593,61.271324157714844,42.0,1,1,0,32.82818603515625,14,623.963007518797,1956,158548,3349.87646484375,4930.0,1606.2822265625,4930.0,0.0,0,1243.5672607421875,336,2186.783981323242,592,32.028438568115234,22.0,1,1,0,32.82818603515625,13,586.2769981088883,1657,148731,3191.5458984375,4914.0,1573.47607421875,4914.0,0.0,0,1201.2663955688477,347,2095.826446533203,603,61.52488136291504,42.0,1,1,0,32.82818603515625,13,554.1165543988569,1731,139947,14142.53466796875,19446.0,6644.5107421875,19446.0,5155.504203796387,9025.00969696045,215.46207523345947,148.0,131.312744140625,0,54,604970,592.2578537296869,12801.4892578125,0.0,0,1790647219.4549248,3,21458.0,21406.0,21434.0,21458.0,-0.5361173152923584,2012.0,2012.0
883,1,0,1790647249.9492788,8.944597265915945,6.208210054086521,8.944597265915945,6.928978298092261,4201.8193359375,5144.0,1691.783203125,5144.0,0.0,0,1325.8662872314453,347,2292.285629272461,603,60.637431144714355,42.0,1,1,0,32.82818603515625,12,595.4919647485744,2142,149621,3436.57080078125,4600.0,1677.771484375,4600.0,0.0,0,1305.8157577514648,342,2326.6564712524414,598,61.271324157714844,42.0,1,1,0,32.82818603515625,13,635.6811683006536,1993,161005,3291.0380859375,4930.0,1627.86083984375,4930.0,0.0,0,1265.1466979980469,330,2217.081916809082,586,32.028438568115234,22.0,1,1,0,32.82818603515625,13,572.1546605976647,1629,149291,3253.990234375,4954.0,1603.3251953125,4954.0,0.0,0,1231.1150283813477,350,2141.565788269043,606,61.52488136291504,42.0,1,1,0,32.82818603515625,13,565.7797131147541,1767,143216,14183.41845703125,19628.0,6600.74072265625,19628.0,5127.943771362305,8977.589805603027,215.46207523345947,148.0,131.312744140625,0,51,603133,592.2768766904117,13027.25927734375,0.0,0,1790647234.7414541,3,21640.0,21620.0,21626.666666666668,21640.0,-0.7252936363220215,2012.0,2012.0
884,1,0,1790647264.4696517,8.03800009493716,6.402483668876812,8.240941065829247,6.402483668876812,3311.7607421875,5144.0,1700.9140625,5144.0,0.0,0,1334.9973678588867,347,2294.948211669922,603,60.637431144714355,42.0,1,1,0,32.82818603515625,12,579.9921275943155,1850,149466,3418.85546875,4600.0,1671.3017578125,4600.0,0.0,0,1293.9425964355469,348,2286.3776473999023,604,61.271324157714844,42.0,1,1,0,32.82818603515625,14,635.4913056898857,1807,157958,3318.38427734375,4930.0,1604.8818359375,4930.0,0.0,0,1236.7640838623047,345,2147.073127746582,601,32.028438568115234,22.0,1,1,0,32.82818603515625,14,561.7018633540373,1722,141542,3249.91650390625,4956.0,1624.1796875,4956.0,0.0,0,1257.3728713989258,345,2189.339256286621,601,61.52488136291504,42.0,1,1,0,32.82818603515625,12,551.3471158754467,1809,141675,13298.9169921875,19630.0,6601.27734375,19630.0,5123.076919555664,8917.738243103027,215.46207523345947,148.0,131.312744140625,0,52,590641,582.1331031284212,13028.72265625,0.0,0,1790647249.9492788,3,21642.0,21640.0,21641.333333333332,21642.0,-0.26470327377319336,2012.0,2012.0
885,1,0,1790647279.1165352,8.156956596067175,6.435368099948391,8.400471024913713,6.435368099948391,3398.4013671875,5144.0,1635.47216796875,5144.0,0.0,0,1269.5552597045898,343,2187.4579696655273,599,60.637431144714355,42.0,1,1,0,32.82818603515625,12,583.4095492899773,1769,145074,3337.86669921875,4600.0,1618.013671875,4600.0,0.0,0,1251.4619064331055,346,2241.2236557006836,602,61.271324157714844,42.0,1,1,0,32.82818603515625,12,610.3636457686737,1845,154317,3273.92236328125,4930.0,1661.796875,4930.0,0.0,0,1293.6792449951172,352,2233.6611709594727,608,32.028438568115234,22.0,1,1,0,32.82818603515625,14,565.5755085268132,1815,147537,3324.52197265625,5022.0,1660.29736328125,5022.0,0.0,0,1293.4905471801758,346,2241.347137451172,602,61.52488136291504,42.0,1,1,0,32.82818603515625,12,572.2276274450187,1605,150561,13334.71240234375,19696.0,6575.580078125,19696.0,5108.186958312988,8903.689933776855,215.46207523345947,148.0,131.312744140625,0,50,597489,582.8940827576207,13120.419921875,0.0,0,1790647264.4696517,2,21708.0,21692.0,21700.0,21708.0,0.10687661170959473,2012.0,2012.0
886,1,0,1790647294.1742322,8.516044711926952,6.463644204195589,8.558126289164647,6.627728360937908,3396.06689453125,5144.0,1706.4345703125,5144.0,0.0,0,1335.1148071289062,337,2304.627815246582,593,60.637431144714355,42.0,1,1,0,32.82818603515625,13,575.721103503826,1876,148505,3305.29150390625,4600.0,1676.83544921875,4600.0,0.0,0,1304.8802642822266,353,2292.9556045532227,609,61.271324157714844,42.0,1,1,0,32.82818603515625,13,612.7097142857143,1783,150686,3361.0146484375,4930.0,1640.26416015625,4930.0,0.0,0,1272.1463928222656,355,2207.064811706543,611,32.028438568115234,22.0,1,1,0,32.82818603515625,14,591.0653649368278,1876,148622,3347.5458984375,5060.0,1723.076171875,5060.0,0.0,0,1350.8662338256836,361,2290.987190246582,617,61.52488136291504,42.0,1,1,0,32.82818603515625,13,592.7108597758928,1696,148635,13409.9189453125,19734.0,6746.6103515625,19734.0,5263.007698059082,9095.63542175293,215.46207523345947,148.0,131.312744140625,0,53,596448,593.0517606255653,12987.3896484375,0.0,0,1790647279.1165352,3,21746.0,21708.0,21726.666666666668,21746.0,0.0401761531829834,2012.0,2012.0
887,1,0,1790647308.992406,8.214200580026954,6.545887873973697,8.437783136032522,6.545887873973697,3380.61962890625,5144.0,1710.96826171875,5144.0,0.0,0,1339.647804260254,337,2320.1285552978516,593,60.637431144714355,42.0,1,1,0,32.82818603515625,13,582.7363184079602,1972,153319,3390.6455078125,4600.0,1610.22509765625,4600.0,0.0,0,1249.0760650634766,348,2191.167282104492,603,61.271324157714844,42.0,1,1,0,32.82818603515625,11,587.6112093168348,1825,144462,3274.59619140625,4930.0,1556.3193359375,4930.0,0.0,0,1199.0080261230469,343,2100.4585342407227,599,32.028438568115234,22.0,1,1,0,32.82818603515625,12,570.2057307771594,1877,142871,3365.41748046875,5116.0,1708.18603515625,5116.0,0.0,0,1335.9750137329102,355,2278.206100463867,611,61.52488136291504,42.0,1,1,0,32.82818603515625,13,568.269181856719,1770,148348,13411.27880859375,19790.0,6585.69873046875,19790.0,5123.7069091796875,8889.960472106934,215.46207523345947,148.0,131.312744140625,0,49,589000,577.2056100896683,13204.30126953125,0.0,0,1790647294.1742322,3,21802.0,21746.0,21783.333333333332,21802.0,0.21198821067810059,2012.0,2012.0
888,1,0,1790647323.8230355,8.215162549167871,6.523779556853697,8.249717967119068,6.606622273102403,3401.66748046875,5144.0,1689.10693359375,5144.0,0.0,0,1317.7871856689453,339,2286.0342330932617,595,60.637431144714355,42.0,1,1,0,32.82818603515625,13,586.177337398374,2042,151895,3295.8369140625,4600.0,1621.07666015625,4600.0,0.0,0,1254.524154663086,352,2190.427536010742,608,61.271324157714844,42.0,1,1,0,32.82818603515625,12,572.3662747590298,1785,143080,3256.9970703125,4930.0,1646.4921875,4930.0,0.0,0,1283.7773056030273,347,2220.8069458007812,603,32.028438568115234,22.0,1,1,0,32.82818603515625,13,556.4524613652645,1979,149823,3384.185546875,5140.0,1708.8232421875,5140.0,0.0,0,1331.2100677490234,352,2239.4093170166016,608,61.52488136291504,42.0,1,1,0,32.82818603515625,14,567.469630557295,1854,144622,13338.68701171875,19814.0,6665.4990234375,19814.0,5187.298713684082,8936.678031921387,215.46207523345947,148.0,131.312744140625,0,52,589420,570.6164260199909,13148.5009765625,0.0,0,1790647308.992406,3,21826.0,21802.0,21818.0,21826.0,0.4017012119293213,2012.0,2012.0
889,1,0,1790647338.856329,8.33340718317777,6.643925135023892,8.62353893998079,6.847084131091833,3383.12841796875,5144.0,1684.1376953125,5144.0,0.0,0,1312.8187408447266,338,2274.035545349121,594,60.637431144714355,42.0,1,1,0,32.82818603515625,13,593.5218629245475,1782,154620,3199.12158203125,4600.0,1605.51123046875,4600.0,0.0,0,1238.9590301513672,355,2130.425750732422,611,61.271324157714844,42.0,1,1,0,32.82818603515625,12,540.6302131603336,1843,140651,3374.9296875,4974.0,1691.3154296875,4974.0,0.0,0,1339.4071350097656,347,2316.5132217407227,602,32.028438568115234,22.0,1,1,0,32.82818603515625,11,602.9546258715787,2028,151139,3313.177734375,5140.0,1666.783203125,5140.0,0.0,0,1289.1697158813477,347,2175.855354309082,603,61.52488136291504,42.0,1,1,0,32.82818603515625,14,532.6018683740947,1903,138472,13270.357421875,19858.0,6647.74755859375,19858.0,5180.354621887207,8896.829872131348,215.46207523345947,148.0,131.312744140625,0,50,584882,567.4271425826387,13210.25244140625,0.0,0,1790647323.8230355,3,21870.0,21826.0,21855.333333333332,14978.0,0.3528096675872803,2012.0,-4880.0
890,0,0,1790647357.6489527,12.368658602936193,6.345305565977469,12.368658602936193,7.213879968971014,3527.70263671875,5166.0,1855.00830078125,4754.0,0.0,0,1346.6180419921875,337,2353.818717956543,593,499.7927894592285,408.0,14,24,138,0.0,14,613.3465123425177,1863,163504,3272.81982421875,4622.0,1712.46484375,4476.0,0.0,0,1214.7955017089844,352,2063.650833129883,607,510.47973251342773,424.0,13,22,103,0.0,13,525.041740031072,1778,133123,3504.212890625,4996.0,1828.89892578125,4628.0,0.0,0,1328.641731262207,342,2315.8736572265625,596,506.45213985443115,412.0,12,26,117,0.0,12,586.5733944954128,1682,149816,3413.4873046875,5162.0,1749.03759765625,4586.0,0.0,0,1248.8881607055664,343,2121.510627746582,599,511.27838611602783,424.0,15,22,126,0.0,15,524.1755709624796,1927,138865,13718.22265625,19946.0,7145.40966796875,18444.0,5138.943435668945,8854.85383605957,2028.0030479431152,1668.0,0.0,484,54,585308,562.2843044578705,11298.59033203125,1502.0,4,1790647338.856329,4,20436.0,14978.0,17618.5,18402.0,1.5606224536895752,490.0,-42.0
891,0,0,1790647377.2054558,13.117759574204683,6.382999470923096,13.117759574204683,7.669471655040979,3615.248046875,4848.0,1837.75244140625,4848.0,0.0,0,1321.6772766113281,338,2322.128791809082,594,510.8756561279297,406.0,14,23,160,0.0,13,632.0397969543147,1946,158473,3295.30224609375,4516.0,1723.26904296875,4516.0,0.0,0,1230.530876159668,341,2123.8230361938477,597,506.951865196228,420.0,13,20,121,0.0,12,527.3846153846154,1869,142330,3453.82080078125,4648.0,1721.376953125,4552.0,0.0,0,1239.5662689208984,345,2172.095657348633,601,508.0138750076294,432.0,13,26,140,0.0,12,579.3251748251748,1701,148701,3425.79833984375,4712.0,1793.01611328125,4712.0,0.0,0,1301.3417053222656,341,2219.3852920532227,596,510.8123950958252,432.0,16,26,140,0.0,15,547.3011594792514,2018,146094,13790.16943359375,18724.0,7075.41455078125,18628.0,5093.11612701416,8837.432777404785,2036.6537914276123,1690.0,0.0,561,52,595598,571.5126866608391,11552.58544921875,96.0,1,1790647357.6489527,4,20620.0,16956.0,18328.0,17440.0,2.013524055480957,1896.0,-1188.0
892,0,0,1790647396.864887,13.02291459380649,6.558993146987632,13.223221360938624,7.211848345119506,3585.76416015625,4868.0,1817.88330078125,4860.0,0.0,0,1309.578224182129,335,2309.4669876098633,590,507.7282361984253,416.0,14,18,167,0.0,14,630.9679787884968,2030,160108,3382.1845703125,4654.0,1723.04541015625,4654.0,0.0,0,1238.2660903930664,332,2186.2633056640625,588,494.9810209274292,416.0,12,28,122,0.0,12,567.143352365416,1965,149812,3430.576171875,4572.0,1816.5908203125,4572.0,0.0,0,1319.4761123657227,355,2294.190399169922,610,509.30415534973145,418.0,12,29,140,0.0,12,594.7655003069368,1607,152819,4022.3486328125,5050.0,1761.95751953125,4640.0,0.0,0,1265.3133850097656,339,2188.9820556640625,595,511.77322483062744,428.0,15,24,147,0.0,15,556.9586954299151,2104,146492,14420.87353515625,19144.0,7119.47705078125,18726.0,5132.633811950684,8978.90274810791,2023.7866373062134,1678.0,0.0,576,53,609231,587.4588817226912,11606.52294921875,418.0,2,1790647377.2054558,4,20698.0,17162.0,18197.5,19724.0,2.353365421295166,1554.0,998.0
893,0,0,1790647418.457296,15.14150766003877,6.387442972045392,15.14150766003877,9.066082510864362,4248.3466796875,5268.0,1793.455078125,4842.0,0.0,0,1293.3511276245117,332,2267.1148071289062,587,508.91845417022705,420.0,14,20,180,0.0,13,621.0178278688525,2121,154592,4001.63671875,5000.0,1707.81005859375,4680.0,0.0,0,1222.4209899902344,331,2183.6671142578125,587,503.60295391082764,424.0,13,22,147,0.0,12,577.342152917505,2061,150838,3505.14990234375,4602.0,1814.578125,4602.0,0.0,0,1327.3653030395508,359,2314.456100463867,615,511.4173698425293,430.0,13,25,144,0.0,12,609.0100681699004,1704,152798,4115.31591796875,5098.0,1775.90771484375,4818.0,0.0,0,1284.9283828735352,336,2237.003219604492,592,508.1185827255249,430.0,16,25,152,0.0,15,561.9305470815538,2194,148993,15870.44921875,19968.0,7091.7509765625,18942.0,5128.065803527832,9002.241241455078,2032.057360649109,1704.0,0.0,623,52,607221,592.325149009453,11850.2490234375,1026.0,3,1790647396.864887,4,20914.0,18252.0,19590.0,20898.0,0.7711124420166016,946.0,1956.0
894,0,0,1790647440.0124457,14.743093016091734,6.734196726931259,14.743093016091734,8.789710844866931,4172.8896484375,5260.0,1815.32080078125,4866.0,0.0,0,1305.1554565429688,329,2306.2007217407227,585,501.57187843322754,408.0,14,24,164,0.0,14,601.4780933062881,2193,153839,4115.28515625,5372.0,1725.7841796875,4664.0,0.0,0,1236.5637741088867,328,2193.560821533203,584,498.0317687988281,420.0,13,20,129,0.0,13,588.7203964000405,2091,151305,3508.0390625,4602.0,1674.478515625,4594.0,0.0,0,1185.4054641723633,359,2096.8390884399414,615,495.88978481292725,418.0,13,19,136,0.0,13,586.0964030268477,1799,147812,4126.37158203125,5466.0,1802.86474609375,4890.0,0.0,0,1312.0370178222656,333,2308.409149169922,589,511.95793628692627,434.0,15,27,106,0.0,15,564.289324132332,2274,153425,15922.58544921875,20700.0,7018.4482421875,19014.0,5039.161712646484,8905.009780883789,2007.4513683319092,1680.0,0.0,535,55,606381,585.146054216377,11995.5517578125,1686.0,4,1790647418.457296,5,21026.0,18434.0,19918.8,21026.0,-0.8025438785552979,326.0,2012.0
895,0,0,1790647461.9812124,15.159134255023673,6.749725244008005,15.159134255023673,9.28722582012415,4330.1923828125,5364.0,1790.583984375,4904.0,0.0,0,1292.6777114868164,332,2270.2380981445312,588,508.7135133743286,422.0,14,21,167,0.0,13,601.2784309750659,2276,152862,3437.04296875,4736.0,1808.19384765625,4736.0,0.0,0,1308.1781997680664,341,2284.3004150390625,597,510.8228883743286,422.0,14,21,143,0.0,13,606.0401323955316,1951,153068,3392.58837890625,4594.0,1767.515625,4564.0,0.0,0,1274.3670043945312,349,2233.192512512207,605,503.96452713012695,422.0,14,21,152,0.0,13,592.0682681449543,1879,150103,4215.93115234375,5378.0,1821.0966796875,5018.0,0.0,0,1334.8367538452148,341,2342.0680084228516,597,511.3934497833252,438.0,16,29,119,0.0,15,595.3617595186223,2375,155508,15375.7548828125,20072.0,7187.39013671875,19222.0,5210.059669494629,9129.799034118652,2034.8943786621094,1704.0,0.0,581,54,611541,598.6871477585436,12034.60986328125,850.0,3,1790647440.0124457,4,21214.0,17220.0,19217.5,18154.0,2.228971242904663,1142.0,-1068.0
896,0,0,1790647482.8806474,14.068623475031927,6.749528504908085,14.068623475031927,8.305834523867816,4162.1201171875,5200.0,1740.8740234375,4818.0,0.0,0,1251.188606262207,334,2203.545783996582,590,490.4907531738281,412.0,13,26,155,0.0,13,591.1877418041132,2353,148425,3511.8115234375,4738.0,1696.7216796875,4678.0,0.0,0,1193.8271942138672,341,2116.371871948242,597,509.70939922332764,418.0,13,19,128,0.0,13,597.8705170975813,1984,148123,3503.7021484375,4780.0,1815.77099609375,4780.0,0.0,0,1331.9485397338867,345,2330.430549621582,601,506.63197231292725,434.0,13,27,156,0.0,13,606.5968649517685,1957,156888,4199.02197265625,5298.0,1781.35400390625,4962.0,0.0,0,1282.947006225586,339,2268.8034286499023,595,509.81793880462646,428.0,14,24,128,0.0,14,607.0375844594595,2402,156875,15376.65576171875,20016.0,7034.720703125,19238.0,5059.911346435547,8919.151634216309,2016.6500635147095,1692.0,0.0,567,53,610311,600.6731770782307,12203.279296875,778.0,3,1790647461.9812124,4,21250.0,17062.0,18958.5,16810.0,1.330955982208252,1234.0,-2428.0
897,0,0,1790647503.7667842,12.864034238969907,7.958064567064866,14.200126444920897,8.240690060891211,3400.7607421875,4838.0,1680.15087890625,4548.0,0.0,0,1185.0694580078125,338,2079.6301803588867,593,507.891318321228,424.0,14,22,160,0.0,13,569.6250127929587,1741,137831,3376.53173828125,4698.0,1693.77880859375,4614.0,0.0,0,1199.0215454101562,336,2155.315719604492,592,505.5752983093262,422.0,14,21,165,0.0,13,607.7146099876187,1896,152503,3568.08447265625,4884.0,1867.28759765625,4884.0,0.0,0,1383.5274658203125,355,2359.0871810913086,611,510.5551691055298,438.0,14,29,147,0.0,13,614.9922218810766,1997,152872,4163.51708984375,5202.0,1861.859375,4952.0,0.0,0,1366.757942199707,346,2372.443244934082,601,508.5194969177246,430.0,15,25,157,0.0,14,633.1705450733753,2207,157187,14508.89404296875,19622.0,7103.07666015625,18998.0,5134.376411437988,8966.47632598877,2032.5412826538086,1714.0,0.0,629,53,600393,606.3755974337573,11894.92333984375,624.0,3,1790647482.8806474,4,20990.0,16810.0,18275.0,19542.0,0.44738316535949707,1368.0,544.0
898,0,0,1790647524.2542675,12.683631733059883,7.731400266988203,13.906197069911286,7.8351747640408576,3324.203125,4568.0,1709.59765625,4552.0,0.0,0,1216.908447265625,337,2156.3272857666016,593,510.09538650512695,434.0,14,27,148,0.0,14,557.0651636812847,1824,148139,3408.5703125,4718.0,1735.7998046875,4718.0,0.0,0,1247.3602600097656,345,2212.794723510742,599,509.8374328613281,438.0,14,29,148,0.0,14,623.0217278303357,1986,152703,3539.7568359375,4884.0,1815.88232421875,4784.0,0.0,0,1315.7315216064453,349,2280.4631118774414,605,505.5523099899292,422.0,14,21,156,0.0,14,595.0528351827344,2017,151993,4228.05078125,5258.0,1913.76318359375,5016.0,0.0,0,1418.6302642822266,350,2446.112106323242,606,501.1520309448242,428.0,15,24,151,0.0,15,619.6731957683041,2288,161286,14500.5810546875,19428.0,7175.04296875,19070.0,5198.6304931640625,9095.697227478027,2026.6371603012085,1722.0,0.0,603,57,614121,598.7032306156648,11894.95703125,358.0,3,1790647503.7667842,5,21082.0,18476.0,19331.2,18476.0,-0.04084897041320801,1654.0,-594.0
899,0,0,1790647545.405354,13.077524146996439,8.015006187139079,14.220136957010254,8.194563660072163,3399.33251953125,4612.0,1725.232421875,4612.0,0.0,0,1226.6474533081055,343,2175.206916809082,599,510.0014991760254,428.0,15,24,149,0.0,14,580.4418292557035,1917,147553,3997.0146484375,5036.0,1738.041015625,4718.0,0.0,0,1246.0217971801758,349,2207.4087982177734,605,504.82703971862793,424.0,14,22,154,0.0,13,597.4124844462879,2105,150692,3493.93994140625,4804.0,1807.01318359375,4684.0,0.0,0,1307.4435729980469,352,2251.925750732422,608,494.3752737045288,406.0,14,23,161,0.0,13,581.4742962056304,1894,150005,4263.71533203125,5528.0,1845.302734375,5022.0,0.0,0,1348.6850204467773,342,2338.901741027832,598,510.6286268234253,436.0,16,28,147,0.0,15,599.4682260401573,2371,155873,15154.00244140625,19980.0,7115.58935546875,19036.0,5128.7978439331055,8973.44320678711,2019.8324394226074,1694.0,0.0,611,55,604123,589.6992089869448,11920.41064453125,944.0,3,1790647524.2542675,4,21048.0,18156.0,19669.0,21048.0,-1.1741647720336914,1068.0,2012.0
900,1,0,1790647561.4187396,8.692813410889357,7.225528532173485,9.400742166908458,7.640036956174299,3348.57373046875,4612.0,1611.8046875,4612.0,0.0,0,1149.2355651855469,334,2049.8419876098633,590,60.637431144714355,42.0,1,1,0,32.82818603515625,13,573.8805541303233,2014,143096,4026.376953125,5146.0,1707.53173828125,5146.0,0.0,0,1244.3263320922852,346,2195.5578384399414,602,61.271324157714844,42.0,1,1,0,32.82818603515625,13,599.734070019622,2122,150026,3442.25048828125,4748.0,1803.68310546875,4748.0,0.0,0,1344.315284729004,355,2295.5462036132812,611,32.028438568115234,22.0,1,1,0,32.82818603515625,14,583.8171329385337,1851,148201,4237.8369140625,5402.0,1919.97998046875,5402.0,0.0,0,1440.3100662231445,338,2494.9316940307617,593,61.52488136291504,42.0,1,1,0,32.82818603515625,16,611.3072036069269,2455,163070,15055.0380859375,19908.0,7042.99951171875,19908.0,5178.1872482299805,9035.877723693848,215.46207523345947,148.0,131.312744140625,0,56,604393,592.1847401738515,12865.00048828125,0.0,0,1790647545.405354,3,21920.0,21778.0,21872.666666666668,21920.0,-2.2069625854492188,2012.0,2012.0
901,1,0,1790647577.0717914,8.736932654166594,6.8642946649342775,9.009710361016914,7.332612721947953,4039.263671875,5052.0,1734.67724609375,5052.0,0.0,0,1272.10791015625,332,2236.3075790405273,588,60.637431144714355,42.0,1,1,0,32.82818603515625,13,576.233489128226,2102,153554,4033.93017578125,5248.0,1774.7705078125,5248.0,0.0,0,1322.372169494629,347,2316.776809692383,603,61.271324157714844,42.0,1,1,0,32.82818603515625,11,593.0146441372248,2057,151887,3469.1416015625,4748.0,1720.5185546875,4748.0,0.0,0,1266.5537872314453,359,2176.440872192383,615,32.028438568115234,22.0,1,1,0,32.82818603515625,13,562.312954120822,1936,143699,4275.88916015625,5442.0,1857.61474609375,5442.0,0.0,0,1388.7505493164062,337,2417.7481842041016,593,61.52488136291504,42.0,1,1,0,32.82818603515625,14,614.6774918300654,2162,155569,15818.224609375,20490.0,7087.5810546875,20490.0,5249.7844161987305,9147.273445129395,215.46207523345947,148.0,131.312744140625,0,51,604709,586.5596448040845,13402.4189453125,0.0,0,1790647561.4187396,3,22502.0,21944.0,22316.0,22602.0,2.1605632305145264,2012.0,2112.0
902,1,0,1790647592.6076837,8.573351077036932,6.878698463086039,8.94909149594605,7.147553839022294,4034.572265625,5288.0,1765.4677734375,5288.0,0.0,0,1302.8981628417969,328,2309.817840576172,583,60.637431144714355,42.0,1,1,0,32.82818603515625,13,606.2320167147548,2109,159391,3518.21533203125,5290.0,1775.47607421875,5290.0,0.0,0,1317.673568725586,345,2316.8579483032227,601,61.271324157714844,42.0,1,1,0,32.82818603515625,12,604.0916562630046,1814,156271,3420.232421875,4748.0,1809.779296875,4748.0,0.0,0,1355.8147811889648,358,2298.6085357666016,613,32.028438568115234,22.0,1,1,0,32.82818603515625,13,571.3390691406655,1990,148639,4237.01123046875,5442.0,1795.6884765625,5442.0,0.0,0,1326.8251571655273,338,2302.666961669922,594,61.52488136291504,42.0,1,1,0,32.82818603515625,14,595.4428761378746,2244,154152,15210.03125,20768.0,7146.41162109375,20768.0,5303.211669921875,9227.951286315918,215.46207523345947,148.0,131.312744140625,0,52,618453,594.2764045640748,13621.58837890625,0.0,0,1790647577.0717914,3,22780.0,22602.0,22718.0,22786.0,1.6250865459442139,2012.0,2018.0
903,1,0,1790647608.1457999,8.930475229863077,6.562156409025192,8.930475229863077,7.172882735962048,4181.76806640625,5288.0,1775.04345703125,5288.0,0.0,0,1312.4746017456055,328,2324.0650634765625,584,60.637431144714355,42.0,1,1,0,32.82818603515625,13,602.6131160651804,2095,159379,3534.77978515625,5308.0,1755.93212890625,5308.0,0.0,0,1298.129997253418,345,2275.2373428344727,601,61.271324157714844,42.0,1,1,0,32.82818603515625,12,628.6312442301775,1770,154666,3437.65576171875,4748.0,1704.48681640625,4748.0,0.0,0,1250.522705078125,357,2164.769416809082,613,32.028438568115234,22.0,1,1,0,32.82818603515625,13,573.2713462545836,1752,145480,4120.09375,5442.0,1778.49658203125,5442.0,0.0,0,1309.633041381836,338,2297.848922729492,594,61.52488136291504,42.0,1,1,0,32.82818603515625,14,586.1533641499743,2347,157957,15274.29736328125,20786.0,7013.958984375,20786.0,5170.760345458984,9061.92074584961,215.46207523345947,148.0,131.312744140625,0,52,617482,597.667267674979,13772.041015625,0.0,0,1790647592.6076837,3,22798.0,22786.0,22794.0,22818.0,1.0773556232452393,2012.0,2032.0
904,1,0,1790647624.3229969,9.471721300156787,6.616656719008461,9.471721300156787,7.668862545862794,4245.43603515625,5308.0,1712.474609375,5308.0,0.0,0,1244.501693725586,319,2217.1081161499023,575,60.637431144714355,42.0,1,1,0,32.82818603515625,14,594.2674291397315,2189,153636,3447.44482421875,5308.0,1811.4755859375,5308.0,0.0,0,1348.2695770263672,346,2329.5952529907227,602,61.271324157714844,42.0,1,1,0,32.82818603515625,13,605.1485200292857,1872,156942,3375.86962890625,4748.0,1736.681640625,4748.0,0.0,0,1282.717544555664,355,2206.526168823242,610,32.028438568115234,22.0,1,1,0,32.82818603515625,13,573.324549526091,1814,144865,4081.27099609375,5442.0,1703.80029296875,5442.0,0.0,0,1234.9354553222656,333,2183.0733795166016,588,61.52488136291504,42.0,1,1,0,32.82818603515625,14,603.4505472233482,2383,149103,15150.021484375,20806.0,6964.43212890625,20806.0,5110.424270629883,8936.302917480469,215.46207523345947,148.0,131.312744140625,0,54,604546,594.0477614796141,13841.56787109375,0.0,0,1790647608.1457999,4,22818.0,22818.0,22818.0,22818.0,-0.08923959732055664,2012.0,2012.0
905,1,0,1790647640.5843174,9.514024602016434,6.704056937946007,9.514024602016434,7.723232978023589,4248.7041015625,5314.0,1813.25927734375,5314.0,0.0,0,1345.2862548828125,325,2375.581100463867,581,60.637431144714355,42.0,1,1,0,32.82818603515625,14,600.3203730976927,2282,159997,3535.20751953125,5308.0,1692.7978515625,5308.0,0.0,0,1229.592529296875,332,2177.307991027832,588,61.271324157714844,42.0,1,1,0,32.82818603515625,13,603.0643231899265,1875,151695,3440.36083984375,4748.0,1764.6416015625,4748.0,0.0,0,1310.677879333496,356,2238.706344604492,612,32.028438568115234,22.0,1,1,0,32.82818603515625,13,564.0673543063435,1847,147617,3414.96728515625,5442.0,1705.6748046875,5442.0,0.0,0,1236.8122100830078,336,2193.8102645874023,592,61.52488136291504,42.0,1,1,0,32.82818603515625,14,576.7212306478651,1878,150092,14639.23974609375,20812.0,6976.37353515625,20812.0,5122.368873596191,8985.405700683594,215.46207523345947,148.0,131.312744140625,0,54,609401,586.0433203104569,13835.62646484375,0.0,0,1790647624.3229969,3,22824.0,22818.0,22822.0,22824.0,-1.3678243160247803,2012.0,2012.0
906,1,0,1790647657.067522,9.644338926067576,6.756429251981899,9.644338926067576,7.764616543194279,4449.4755859375,5444.0,1826.796875,5444.0,0.0,0,1353.4217529296875,327,2395.1066360473633,583,60.637431144714355,42.0,1,1,0,32.82818603515625,15,623.0970556161396,2383,161421,3412.21240234375,5308.0,1694.4052734375,5308.0,0.0,0,1225.7959213256836,332,2152.276756286621,588,61.271324157714844,42.0,1,1,0,32.82818603515625,14,591.0135093956324,1888,144855,3504.28466796875,4748.0,1769.16015625,4748.0,0.0,0,1309.7924423217773,352,2242.4625396728516,608,32.028438568115234,22.0,1,1,0,32.82818603515625,14,573.6837562930237,1930,146626,3424.140625,5442.0,1695.66015625,5442.0,0.0,0,1226.7968521118164,336,2162.418899536133,592,61.52488136291504,42.0,1,1,0,32.82818603515625,14,581.5731256863332,1912,148654,14790.11328125,20942.0,6986.0224609375,20942.0,5115.806968688965,8952.264831542969,215.46207523345947,148.0,131.312744140625,0,57,601556,592.3418617477822,13955.9775390625,0.0,0,1790647640.5843174,3,22954.0,22940.0,22949.333333333332,22954.0,2.158346176147461,2012.0,2012.0
907,1,0,1790647673.1346035,9.325027958955616,6.67928184196353,9.325027958955616,7.464201293885708,4311.03271484375,5444.0,1705.9150390625,5444.0,0.0,0,1237.9418716430664,338,2170.220672607422,594,60.637431144714355,42.0,1,1,0,32.82818603515625,14,608.4714870668131,2447,145891,3355.39306640625,5308.0,1724.13525390625,5308.0,0.0,0,1260.9286193847656,333,2168.425750732422,587,61.271324157714844,42.0,1,1,0,32.82818603515625,13,535.9368951612903,1891,142872,3453.80322265625,4748.0,1786.84423828125,4748.0,0.0,0,1332.8800888061523,355,2271.1740112304688,611,32.028438568115234,22.0,1,1,0,32.82818603515625,13,569.6871931260229,2005,150076,3303.810546875,5442.0,1663.8701171875,5442.0,0.0,0,1195.0060729980469,344,2090.6914596557617,599,61.52488136291504,42.0,1,1,0,32.82818603515625,14,557.4425868455301,1912,142190,14424.03955078125,20942.0,6880.7646484375,20942.0,5026.756652832031,8700.511894226074,215.46207523345947,148.0,131.312744140625,0,54,581029,567.884540549914,14061.2353515625,0.0,0,1790647657.067522,3,22954.0,22954.0,22954.0,22954.0,1.1017122268676758,2012.0,2012.0
908,1,0,1790647688.2444036,8.572322394000366,6.453993798000738,8.572322394000366,6.530201111920178,3994.29052734375,5444.0,1658.89208984375,5444.0,0.0,0,1190.9189910888672,338,2109.667465209961,594,60.637431144714355,42.0,1,1,0,32.82818603515625,14,556.2698330929322,2109,142828,3406.603515625,5308.0,1726.21044921875,5308.0,0.0,0,1257.6019134521484,334,2187.7407608032227,590,61.271324157714844,42.0,1,1,0,32.82818603515625,14,559.8101560916278,1884,147939,4093.228515625,5048.0,1824.82666015625,5048.0,0.0,0,1365.458351135254,357,2333.2822647094727,613,32.028438568115234,22.0,1,1,0,32.82818603515625,14,579.1438782804044,2084,153985,3361.85986328125,5442.0,1689.9404296875,5442.0,0.0,0,1226.4800415039062,341,2144.806221008301,597,61.52488136291504,42.0,1,1,0,32.82818603515625,13,566.7334677419354,2000,144163,14855.982421875,21242.0,6899.86962890625,21242.0,5040.459297180176,8775.496711730957,215.46207523345947,148.0,131.312744140625,0,55,588915,565.4893338017249,14342.13037109375,0.0,0,1790647673.1346035,3,23254.0,22954.0,23154.0,23494.0,0.9725944995880127,2012.0,2252.0
909,1,0,1790647703.8869972,8.536698817973956,7.05235737003386,9.119227756978944,7.076951409922913,3302.7548828125,5444.0,1614.78125,5444.0,0.0,0,1152.2117385864258,338,2041.0059967041016,593,60.637431144714355,42.0,1,1,0,32.82818603515625,13,546.5728771893885,1962,137026,3408.68310546875,5308.0,1742.63330078125,5308.0,0.0,0,1274.0239868164062,329,2222.4434127807617,585,61.271324157714844,42.0,1,1,0,32.82818603515625,14,558.2778945261683,1876,147807,4220.822265625,5372.0,1893.46826171875,5372.0,0.0,0,1434.1004943847656,357,2434.4414596557617,613,32.028438568115234,22.0,1,1,0,32.82818603515625,14,598.2654127481713,2171,157329,3400.92138671875,5442.0,1727.935546875,5442.0,0.0,0,1269.8792190551758,338,2242.626266479492,594,61.52488136291504,42.0,1,1,0,32.82818603515625,12,590.0019413507714,1727,152374,14333.181640625,21566.0,6978.818359375,21566.0,5130.215438842773,8940.517135620117,215.46207523345947,148.0,131.312744140625,0,53,594536,573.2795314536249,14587.181640625,0.0,0,1790647688.2444036,3,23578.0,23494.0,23550.0,17926.0,0.33961915969848633,2012.0,-3640.0
910,0,1,1790647723.9867964,12.499404629925266,7.5146977519616485,13.531854226952419,7.531020045047626,3765.79638671875,5464.0,1644.830078125,4782.0,0.0,0,1147.6424865722656,342,1990.7652053833008,598,508.59106063842773,428.0,14,24,114,0.0,14,511.0938289061711,2050,126091,3497.65576171875,5308.0,1826.3466796875,4682.0,0.0,0,1317.863021850586,332,2307.0636978149414,588,511.89431858062744,420.0,14,20,139,0.0,14,569.2247798238591,1897,153334,4246.48828125,5372.0,1946.216796875,5036.0,0.0,0,1441.2088088989258,356,2442.6437759399414,612,509.01513385772705,426.0,15,23,117,0.0,15,600.2268625393494,2250,158302,3451.658203125,5442.0,1735.63671875,4588.0,0.0,0,1243.2865142822266,348,2179.4718170166016,604,511.16444396972656,430.0,13,25,113,0.0,13,593.9408308004053,1832,146393,14961.5986328125,21586.0,7153.0302734375,19088.0,5150.000831604004,8919.944496154785,2040.6649570465088,1704.0,0.0,483,56,584120,568.6215755174462,11934.9697265625,2498.0,4,1790647703.8869972,4,21100.0,17144.0,18402.0,16542.0,0.23973369598388672,-486.0,-2546.0
911,0,1,1790647744.4103997,13.8013797798194,6.583966853097081,13.8013797798194,8.073595759924501,4016.6904296875,4990.0,1781.34228515625,4706.0,0.0,0,1274.4612579345703,352,2186.4583892822266,608,508.29108142852783,418.0,15,19,129,0.0,14,524.1025956704627,2138,142970,3593.0009765625,4904.0,1882.8642578125,4904.0,0.0,0,1383.7188186645508,332,2417.6379928588867,587,488.5630226135254,406.0,15,23,160,0.0,14,600.8749492076391,2013,162208,3606.98291015625,5036.0,1829.8154296875,4776.0,0.0,0,1343.9774703979492,353,2281.9917373657227,609,508.0431718826294,428.0,13,24,125,0.0,12,585.5343277482632,1962,147840,3395.19189453125,4670.0,1759.65478515625,4670.0,0.0,0,1274.9058532714844,344,2244.1370239257812,600,504.9728298187256,426.0,13,23,110,0.0,12,582.0438222763238,1928,153960,14611.8662109375,19600.0,7253.6767578125,19056.0,5277.063400268555,9130.225143432617,2009.8701057434082,1678.0,0.0,524,52,606978,573.1389237256723,11802.3232421875,544.0,2,1790647723.9867964,5,21068.0,16542.0,18380.0,18042.0,-0.17334294319152832,1468.0,-1014.0
912,0,1,1790647765.878435,14.760861380025744,6.607303145807236,14.847075094934553,8.88270975695923,4097.81494140625,5334.0,1710.818359375,4720.0,0.0,0,1217.6792449951172,350,2093.5362548828125,606,509.942307472229,428.0,13,24,166,0.0,13,554.4787168414559,2216,143274,4341.5908203125,5340.0,1832.67041015625,4912.0,0.0,0,1328.172981262207,331,2355.4834518432617,585,508.50624084472656,426.0,15,23,171,0.0,15,624.5176910634857,2074,159740,3538.31494140625,4796.0,1849.14794921875,4684.0,0.0,0,1363.4630508422852,351,2329.7412643432617,607,502.489182472229,428.0,13,24,123,0.0,13,575.4116683725691,1730,151598,3510.09033203125,4796.0,1809.7734375,4796.0,0.0,0,1321.5502395629883,340,2342.814254760742,596,491.03288650512695,414.0,13,27,143,0.0,13,608.7238037552999,2018,159624,15487.81103515625,20266.0,7202.41015625,19112.0,5230.865516662598,9121.575225830078,2011.9706172943115,1696.0,0.0,603,54,614236,590.7829700082026,11909.58984375,1154.0,3,1790647744.4103997,4,21124.0,17836.0,19535.0,21124.0,-1.6506974697113037,858.0,2012.0
913,0,1,1790647786.8038366,13.707382502034307,7.165292134974152,14.341465571895242,8.10229814518243,4022.80126953125,5046.0,1711.44482421875,4728.0,0.0,0,1214.1234436035156,341,2142.8546981811523,597,506.14037895202637,420.0,14,20,152,0.0,13,569.9288094516813,2095,146443,3637.74658203125,4912.0,1790.6640625,4816.0,0.0,0,1284.4133758544922,328,2295.9734268188477,584,508.2619962692261,424.0,16,22,169,0.0,15,634.5122591060438,1943,161116,3579.35302734375,4704.0,1783.16845703125,4688.0,0.0,0,1289.0948028564453,346,2224.8576431274414,601,508.8738775253296,426.0,14,23,122,0.0,13,591.3051638429542,1722,148699,4426.25390625,5392.0,1967.806640625,5014.0,0.0,0,1471.2400741577148,350,2557.9238662719727,605,507.37967014312744,422.0,14,21,142,0.0,13,645.8961561682431,2111,167812,15666.15478515625,20054.0,7253.083984375,19246.0,5258.871696472168,9221.609634399414,2030.6559228897095,1692.0,0.0,585,54,624070,610.4105971422306,11992.916015625,808.0,4,1790647765.878435,4,21238.0,17678.0,19160.5,18452.0,2.4260714054107666,1184.0,-794.0
914,0,1,1790647807.9056084,13.457635530037805,7.56268573901616,14.283415526151657,7.951409980189055,3318.744140625,4728.0,1747.29296875,4564.0,0.0,0,1235.856689453125,353,2131.9626083374023,609,480.84681606292725,386.0,14,23,153,0.0,14,562.957699330493,1894,142548,3531.86962890625,4816.0,1714.35595703125,4708.0,0.0,0,1220.812026977539,325,2184.8419189453125,581,492.9693431854248,416.0,14,18,170,0.0,14,628.2559723593288,2018,156331,3446.767578125,4708.0,1746.767578125,4594.0,0.0,0,1260.1620178222656,342,2155.7057723999023,598,507.4045000076294,432.0,13,26,133,0.0,13,561.5992067527712,1813,138897,4450.11767578125,5484.0,1975.07958984375,5058.0,0.0,0,1478.7880783081055,355,2532.2847900390625,611,491.6938781738281,412.0,14,26,139,0.0,14,645.0046617631824,2205,166951,14747.4990234375,19736.0,7183.49609375,18924.0,5195.618812561035,9004.79508972168,1972.9145374298096,1646.0,0.0,595,55,604727,599.4543850514439,11740.50390625,812.0,4,1790647786.8038366,4,20936.0,17018.0,18534.5,21276.0,1.3341896533966064,1200.0,2352.0
915,1,1,1790647824.2138593,9.218813804909587,7.045623601181433,9.62036932585761,7.045623601181433,3398.611328125,4708.0,1743.9814453125,4708.0,0.0,0,1281.412094116211,350,2249.3783950805664,606,60.637431144714355,42.0,1,1,0,32.82818603515625,13,583.7430116302795,1884,150331,3436.15771484375,4742.0,1655.9912109375,4742.0,0.0,0,1187.381004333496,326,2130.1754302978516,582,61.271324157714844,42.0,1,1,0,32.82818603515625,14,619.532832278481,1983,153220,3356.962890625,4594.0,1630.8173828125,4594.0,0.0,0,1182.2561721801758,336,2055.4411392211914,592,32.028438568115234,22.0,1,1,0,32.82818603515625,12,535.3226623442407,1846,139251,4317.60009765625,5418.0,1927.74560546875,5418.0,0.0,0,1458.8813247680664,348,2501.3789596557617,604,61.52488136291504,42.0,1,1,0,32.82818603515625,14,614.9189912506433,2281,161963,14509.33203125,19462.0,6958.53564453125,19462.0,5109.930595397949,8936.373924255371,215.46207523345947,148.0,131.312744140625,0,53,604765,588.3793743759111,12503.46435546875,0.0,0,1790647807.9056084,3,21474.0,21276.0,21388.666666666668,21474.0,0.00806117057800293,2012.0,2012.0
916,1,1,1790647840.5074148,8.940880866954103,7.265907258959487,9.433982071932405,7.265907258959487,3530.25,4774.0,1803.482421875,4774.0,0.0,0,1335.5095901489258,348,2314.443717956543,604,60.637431144714355,42.0,1,1,0,32.82818603515625,14,593.1792085298339,1814,153408,3366.22998046875,4742.0,1666.732421875,4742.0,0.0,0,1192.7195205688477,330,2137.0612411499023,586,61.271324157714844,42.0,1,1,0,32.82818603515625,15,607.0695171026157,1952,150381,3217.9140625,4594.0,1667.6884765625,4594.0,0.0,0,1213.7235946655273,337,2116.158981323242,593,32.028438568115234,22.0,1,1,0,32.82818603515625,13,531.8499144955235,1657,139953,4326.52294921875,5418.0,1847.6572265625,5418.0,0.0,0,1378.7933502197266,344,2374.884651184082,599,61.52488136291504,42.0,1,1,0,32.82818603515625,14,609.0500763358779,2381,152621,14440.9169921875,19528.0,6985.560546875,19528.0,5120.746055603027,8942.54859161377,215.46207523345947,148.0,131.312744140625,0,56,596363,585.2871791159628,12542.439453125,0.0,0,1790647824.2138593,4,21540.0,21474.0,21522.5,21540.0,-1.267305850982666,2012.0,2012.0
917,1,1,1790647856.5233996,9.18344155116938,6.787086680997163,9.45627716789022,6.952558401040733,3575.7978515625,4904.0,1885.056640625,4904.0,0.0,0,1417.0832443237305,349,2446.3612899780273,605,60.637431144714355,42.0,1,1,0,32.82818603515625,14,628.6108765063343,1908,162696,3334.20068359375,4742.0,1595.41455078125,4742.0,0.0,0,1132.2086334228516,330,2043.221305847168,586,61.271324157714844,42.0,1,1,0,32.82818603515625,13,590.4873855544253,2047,145372,3309.97900390625,4594.0,1640.04833984375,4594.0,0.0,0,1186.084129333496,333,2079.940803527832,589,32.028438568115234,22.0,1,1,0,32.82818603515625,13,545.7951685958732,1745,140336,4288.58203125,5438.0,1780.95654296875,5438.0,0.0,0,1322.899070739746,335,2315.4748306274414,591,61.52488136291504,42.0,1,1,0,32.82818603515625,12,591.8620060790273,2445,152683,14508.5595703125,19678.0,6901.47607421875,19678.0,5058.275077819824,8884.998229980469,215.46207523345947,148.0,131.312744140625,0,52,601087,589.188859183915,12776.52392578125,0.0,0,1790647840.5074148,3,21690.0,21586.0,21655.333333333332,21690.0,-2.3027901649475098,2012.0,2012.0
918,1,1,1790647872.6959782,9.509930680971593,6.567922682035714,9.609498047968373,6.62941097910516,3662.49169921875,4916.0,1903.85302734375,4916.0,0.0,0,1430.476806640625,343,2461.3018951416016,599,60.637431144714355,42.0,1,1,0,32.82818603515625,15,624.85480405198,2013,162762,3969.99072265625,5222.0,1654.865234375,5222.0,0.0,0,1186.2554321289062,328,2118.362274169922,583,61.271324157714844,42.0,1,1,0,32.82818603515625,14,575.2938561034762,2135,147068,3339.0107421875,4594.0,1657.53564453125,4594.0,0.0,0,1198.1682662963867,332,2119.1660690307617,588,32.028438568115234,22.0,1,1,0,32.82818603515625,14,568.841027699719,1793,145553,3566.59326171875,5438.0,1737.90673828125,5438.0,0.0,0,1274.4472579956055,340,2211.8971786499023,595,61.52488136291504,42.0,1,1,0,32.82818603515625,13,586.0881821829855,1835,146296,14538.08642578125,20170.0,6954.16064453125,20170.0,5089.347763061523,8910.727416992188,215.46207523345947,148.0,131.312744140625,0,56,601679,588.7694675095402,13215.83935546875,0.0,0,1790647856.5233996,3,22182.0,22170.0,22178.0,22182.0,1.5351932048797607,2012.0,2012.0
919,1,1,1790647889.1689432,9.395478895166889,7.022241723025218,9.567715584067628,7.468349239090458,3607.2568359375,4936.0,1825.50537109375,4936.0,0.0,0,1362.936264038086,341,2352.980270385742,597,60.637431144714355,42.0,1,1,0,32.82818603515625,13,599.7841496176896,2045,155312,4152.15283203125,5250.0,1768.33935546875,5250.0,0.0,0,1305.1330261230469,332,2304.458450317383,588,61.271324157714844,42.0,1,1,0,32.82818603515625,13,602.1119846789638,2236,153126,3333.7138671875,4594.0,1653.4931640625,4594.0,0.0,0,1199.5297622680664,337,2118.277229309082,592,32.028438568115234,22.0,1,1,0,32.82818603515625,13,584.7150662754225,1801,146771,3333.166015625,5438.0,1640.154296875,5438.0,0.0,0,1176.6938247680664,352,2021.1915435791016,608,61.52488136291504,42.0,1,1,0,32.82818603515625,13,542.1486874487284,1908,134106,14426.28955078125,20218.0,6887.4921875,20218.0,5044.292877197266,8796.907493591309,215.46207523345947,148.0,131.312744140625,0,52,589315,582.1899720052011,13330.5078125,0.0,0,1790647872.6959782,3,22230.0,22182.0,22198.0,22230.0,0.055361032485961914,2012.0,2012.0
